solid 
 facet normal -1.000000e+00 -1.615810e-18  0.000000e+00
   outer loop
     vertex  5.551115e-17  4.564500e+01  4.645000e+00
     vertex  0.000000e+00  8.000000e+01  4.645000e+00
     vertex  0.000000e+00  8.000000e+01  5.000000e-04
   endloop
 endfacet
 facet normal -1.000000e+00  0.000000e+00  0.000000e+00
   outer loop
     vertex  0.000000e+00  4.000120e+01  4.999500e+00
     vertex  0.000000e+00  4.399880e+01  4.999500e+00
     vertex  0.000000e+00  4.456664e+01  4.801168e+00
   endloop
 endfacet
 facet normal -1.000000e+00  0.000000e+00  0.000000e+00
   outer loop
     vertex  0.000000e+00  3.924977e+01  4.753216e+00
     vertex  0.000000e+00  4.456664e+01  4.801168e+00
     vertex  0.000000e+00  4.511150e+01  4.683835e+00
   endloop
 endfacet
 facet normal -1.000000e+00  0.000000e+00  0.000000e+00
   outer loop
     vertex  0.000000e+00  3.924977e+01  4.753216e+00
     vertex  0.000000e+00  4.000120e+01  4.999500e+00
     vertex  0.000000e+00  4.456664e+01  4.801168e+00
   endloop
 endfacet
 facet normal -1.000000e+00  2.622546e-18 -1.393374e-15
   outer loop
     vertex  0.000000e+00  3.879910e+01  4.671954e+00
     vertex  0.000000e+00  4.511150e+01  4.683835e+00
     vertex  5.551115e-17  4.564500e+01  4.645000e+00
   endloop
 endfacet
 facet normal -1.000000e+00  0.000000e+00  0.000000e+00
   outer loop
     vertex  0.000000e+00  3.879910e+01  4.671954e+00
     vertex  0.000000e+00  3.924977e+01  4.753216e+00
     vertex  0.000000e+00  4.511150e+01  4.683835e+00
   endloop
 endfacet
 facet normal -1.000000e+00  1.615810e-18  0.000000e+00
   outer loop
     vertex  0.000000e+00  4.000000e+00  4.645000e+00
     vertex  5.551115e-17  3.835500e+01  4.645000e+00
     vertex  0.000000e+00  4.000000e+00  5.000000e-04
   endloop
 endfacet
 facet normal -1.000000e+00  0.000000e+00  1.195202e-17
   outer loop
     vertex  0.000000e+00  4.000000e+00  5.000000e-04
     vertex  5.551115e-17  3.835500e+01  4.645000e+00
     vertex  0.000000e+00  8.000000e+01  5.000000e-04
   endloop
 endfacet
 facet normal -1.000000e+00 -8.141518e-17 -7.180588e-16
   outer loop
     vertex  5.551115e-17  3.835500e+01  4.645000e+00
     vertex  0.000000e+00  3.879910e+01  4.671954e+00
     vertex  0.000000e+00  8.000000e+01  5.000000e-04
   endloop
 endfacet
 facet normal -1.000000e+00  8.400379e-18  7.408896e-17
   outer loop
     vertex  0.000000e+00  3.879910e+01  4.671954e+00
     vertex  5.551115e-17  4.564500e+01  4.645000e+00
     vertex  0.000000e+00  8.000000e+01  5.000000e-04
   endloop
 endfacet
 facet normal  0.000000e+00  0.000000e+00  1.000000e+00
   outer loop
     vertex  4.977320e-01  4.317706e+01  4.999500e+00
     vertex  4.977320e-01  4.082294e+01  4.999500e+00
     vertex  1.177065e+00  4.150227e+01  4.999500e+00
   endloop
 endfacet
 facet normal  0.000000e+00  0.000000e+00  1.000000e+00
   outer loop
     vertex  4.977320e-01  4.317706e+01  4.999500e+00
     vertex  1.177065e+00  4.150227e+01  4.999500e+00
     vertex  1.177065e+00  4.249773e+01  4.999500e+00
   endloop
 endfacet
 facet normal  0.000000e+00  0.000000e+00  1.000000e+00
   outer loop
     vertex  1.998800e+00  4.200000e+01  4.999500e+00
     vertex  1.177065e+00  4.249773e+01  4.999500e+00
     vertex  1.177065e+00  4.150227e+01  4.999500e+00
   endloop
 endfacet
 facet normal  0.000000e+00  0.000000e+00  1.000000e+00
   outer loop
     vertex  0.000000e+00  4.399880e+01  4.999500e+00
     vertex  0.000000e+00  4.000120e+01  4.999500e+00
     vertex  4.977320e-01  4.082294e+01  4.999500e+00
   endloop
 endfacet
 facet normal  0.000000e+00  0.000000e+00  1.000000e+00
   outer loop
     vertex  0.000000e+00  4.399880e+01  4.999500e+00
     vertex  4.977320e-01  4.082294e+01  4.999500e+00
     vertex  4.977320e-01  4.317706e+01  4.999500e+00
   endloop
 endfacet
 facet normal  2.896061e-01  4.781277e-01  8.291696e-01
   outer loop
     vertex  1.177065e+00  4.249773e+01  4.999500e+00
     vertex  1.998800e+00  4.200000e+01  4.999500e+00
     vertex  2.566642e+00  4.200000e+01  4.801168e+00
   endloop
 endfacet
 facet normal  4.781277e-01  2.896061e-01  8.291696e-01
   outer loop
     vertex  0.000000e+00  4.456664e+01  4.801168e+00
     vertex  0.000000e+00  4.399880e+01  4.999500e+00
     vertex  4.977320e-01  4.317706e+01  4.999500e+00
   endloop
 endfacet
 facet normal  1.392813e-01  7.002145e-01  7.002145e-01
   outer loop
     vertex  2.593386e+00  4.310618e+01  3.748000e+00
     vertex  3.645000e+00  4.200000e+01  4.645000e+00
     vertex  3.645000e+00  4.414850e+01  2.496500e+00
   endloop
 endfacet
 facet normal  5.456325e-02  6.596872e-01  7.495570e-01
   outer loop
     vertex  2.593386e+00  4.310618e+01  3.748000e+00
     vertex  3.111505e+00  4.200000e+01  4.683835e+00
     vertex  3.645000e+00  4.200000e+01  4.645000e+00
   endloop
 endfacet
 facet normal  1.544913e-01  6.792997e-01  7.174150e-01
   outer loop
     vertex  2.593386e+00  4.310618e+01  3.748000e+00
     vertex  2.566642e+00  4.200000e+01  4.801168e+00
     vertex  3.111505e+00  4.200000e+01  4.683835e+00
   endloop
 endfacet
 facet normal  8.232826e-02  7.306835e-01  6.777342e-01
   outer loop
     vertex  2.593386e+00  4.310618e+01  3.748000e+00
     vertex  3.645000e+00  4.414850e+01  2.496500e+00
     vertex  3.311997e+00  4.418602e+01  2.496500e+00
   endloop
 endfacet
 facet normal  2.330684e-01  6.660713e-01  7.085394e-01
   outer loop
     vertex  2.593386e+00  4.310618e+01  3.748000e+00
     vertex  3.311997e+00  4.418602e+01  2.496500e+00
     vertex  2.995693e+00  4.429670e+01  2.496500e+00
   endloop
 endfacet
 facet normal  3.806505e-01  6.058018e-01  6.986482e-01
   outer loop
     vertex  2.593386e+00  4.310618e+01  3.748000e+00
     vertex  2.995693e+00  4.429670e+01  2.496500e+00
     vertex  2.711947e+00  4.447499e+01  2.496500e+00
   endloop
 endfacet
 facet normal  3.298163e-01  6.467620e-01  6.876918e-01
   outer loop
     vertex  2.593386e+00  4.310618e+01  3.748000e+00
     vertex  1.177065e+00  4.249773e+01  4.999500e+00
     vertex  2.566642e+00  4.200000e+01  4.801168e+00
   endloop
 endfacet
 facet normal  5.058164e-01  5.058164e-01  6.987843e-01
   outer loop
     vertex  1.701871e+00  4.370187e+01  3.748000e+00
     vertex  4.977320e-01  4.317706e+01  4.999500e+00
     vertex  1.177065e+00  4.249773e+01  4.999500e+00
   endloop
 endfacet
 facet normal  4.981239e-01  4.981239e-01  7.097501e-01
   outer loop
     vertex  1.701871e+00  4.370187e+01  3.748000e+00
     vertex  2.711947e+00  4.447499e+01  2.496500e+00
     vertex  2.474989e+00  4.471195e+01  2.496500e+00
   endloop
 endfacet
 facet normal  3.864242e-01  5.783247e-01  7.184824e-01
   outer loop
     vertex  1.701871e+00  4.370187e+01  3.748000e+00
     vertex  1.177065e+00  4.249773e+01  4.999500e+00
     vertex  2.593386e+00  4.310618e+01  3.748000e+00
   endloop
 endfacet
 facet normal  4.003730e-01  5.992006e-01  6.932966e-01
   outer loop
     vertex  1.701871e+00  4.370187e+01  3.748000e+00
     vertex  2.593386e+00  4.310618e+01  3.748000e+00
     vertex  2.711947e+00  4.447499e+01  2.496500e+00
   endloop
 endfacet
 facet normal  6.596872e-01  5.456325e-02  7.495570e-01
   outer loop
     vertex  1.106179e+00  4.459339e+01  3.748000e+00
     vertex  5.551115e-17  4.564500e+01  4.645000e+00
     vertex  0.000000e+00  4.511150e+01  4.683835e+00
   endloop
 endfacet
 facet normal  6.792997e-01  1.544913e-01  7.174150e-01
   outer loop
     vertex  1.106179e+00  4.459339e+01  3.748000e+00
     vertex  0.000000e+00  4.511150e+01  4.683835e+00
     vertex  0.000000e+00  4.456664e+01  4.801168e+00
   endloop
 endfacet
 facet normal  7.002145e-01  1.392813e-01  7.002145e-01
   outer loop
     vertex  1.106179e+00  4.459339e+01  3.748000e+00
     vertex  2.148500e+00  4.564500e+01  2.496500e+00
     vertex  5.551115e-17  4.564500e+01  4.645000e+00
   endloop
 endfacet
 facet normal  6.058018e-01  3.806505e-01  6.986482e-01
   outer loop
     vertex  1.106179e+00  4.459339e+01  3.748000e+00
     vertex  2.474989e+00  4.471195e+01  2.496500e+00
     vertex  2.296700e+00  4.499569e+01  2.496500e+00
   endloop
 endfacet
 facet normal  6.660713e-01  2.330684e-01  7.085394e-01
   outer loop
     vertex  1.106179e+00  4.459339e+01  3.748000e+00
     vertex  2.296700e+00  4.499569e+01  2.496500e+00
     vertex  2.186020e+00  4.531200e+01  2.496500e+00
   endloop
 endfacet
 facet normal  7.306835e-01  8.232826e-02  6.777342e-01
   outer loop
     vertex  1.106179e+00  4.459339e+01  3.748000e+00
     vertex  2.186020e+00  4.531200e+01  2.496500e+00
     vertex  2.148500e+00  4.564500e+01  2.496500e+00
   endloop
 endfacet
 facet normal  5.783247e-01  3.864242e-01  7.184824e-01
   outer loop
     vertex  1.106179e+00  4.459339e+01  3.748000e+00
     vertex  4.977320e-01  4.317706e+01  4.999500e+00
     vertex  1.701871e+00  4.370187e+01  3.748000e+00
   endloop
 endfacet
 facet normal  5.992006e-01  4.003730e-01  6.932966e-01
   outer loop
     vertex  1.106179e+00  4.459339e+01  3.748000e+00
     vertex  1.701871e+00  4.370187e+01  3.748000e+00
     vertex  2.474989e+00  4.471195e+01  2.496500e+00
   endloop
 endfacet
 facet normal  6.467620e-01  3.298163e-01  6.876918e-01
   outer loop
     vertex  1.106179e+00  4.459339e+01  3.748000e+00
     vertex  0.000000e+00  4.456664e+01  4.801168e+00
     vertex  4.977320e-01  4.317706e+01  4.999500e+00
   endloop
 endfacet
 facet normal  7.071068e-01  7.426576e-17  7.071068e-01
   outer loop
     vertex  0.000000e+00  8.000000e+01  4.645000e+00
     vertex  5.551115e-17  4.564500e+01  4.645000e+00
     vertex  2.148500e+00  4.564500e+01  2.496500e+00
   endloop
 endfacet
 facet normal  7.071068e-01  0.000000e+00  7.071068e-01
   outer loop
     vertex  2.148500e+00  8.035500e+01  2.496500e+00
     vertex  1.578427e-02  8.035500e+01  4.629216e+00
     vertex  0.000000e+00  8.000000e+01  4.645000e+00
   endloop
 endfacet
 facet normal  7.071068e-01  9.046917e-17  7.071068e-01
   outer loop
     vertex  2.148500e+00  8.035500e+01  2.496500e+00
     vertex  0.000000e+00  8.000000e+01  4.645000e+00
     vertex  2.148500e+00  4.564500e+01  2.496500e+00
   endloop
 endfacet
 facet normal -9.990130e-01  4.441884e-02  0.000000e+00
   outer loop
     vertex  1.578427e-02  8.035500e+01  4.629216e+00
     vertex  0.000000e+00  8.000000e+01  5.000000e-04
     vertex  0.000000e+00  8.000000e+01  4.645000e+00
   endloop
 endfacet
 facet normal -9.936988e-01  1.119630e-01 -5.198428e-03
   outer loop
     vertex  1.578427e-02  8.035500e+01  4.629216e+00
     vertex  1.002884e-01  8.089008e+01  5.000000e-04
     vertex  0.000000e+00  8.000000e+01  5.000000e-04
   endloop
 endfacet
 facet normal -9.438696e-01  3.302742e-01 -5.398219e-03
   outer loop
     vertex  2.031567e-01  8.125856e+01  4.558470e+00
     vertex  3.961245e-01  8.173553e+01  5.000000e-04
     vertex  1.002884e-01  8.089008e+01  5.000000e-04
   endloop
 endfacet
 facet normal -9.790646e-01  2.034714e-01  5.647199e-03
   outer loop
     vertex  2.031567e-01  8.125856e+01  4.558470e+00
     vertex  1.002884e-01  8.089008e+01  5.000000e-04
     vertex  1.578427e-02  8.035500e+01  4.629216e+00
   endloop
 endfacet
 facet normal -8.467112e-01  5.320239e-01 -5.540264e-03
   outer loop
     vertex  5.949283e-01  8.209893e+01  4.513433e+00
     vertex  8.726741e-01  8.249396e+01  5.000000e-04
     vertex  3.961245e-01  8.173553e+01  5.000000e-04
   endloop
 endfacet
 facet normal -9.062110e-01  4.227850e-01  5.876953e-03
   outer loop
     vertex  5.949283e-01  8.209893e+01  4.513433e+00
     vertex  3.961245e-01  8.173553e+01  5.000000e-04
     vertex  2.031567e-01  8.125856e+01  4.558470e+00
   endloop
 endfacet
 facet normal -7.070957e-01  7.070957e-01 -5.592223e-03
   outer loop
     vertex  1.171573e+00  8.282843e+01  4.497954e+00
     vertex  1.506041e+00  8.312733e+01  5.000000e-04
     vertex  8.726741e-01  8.249396e+01  5.000000e-04
   endloop
 endfacet
 facet normal -7.844288e-01  6.201897e-01  6.010353e-03
   outer loop
     vertex  1.171573e+00  8.282843e+01  4.497954e+00
     vertex  8.726741e-01  8.249396e+01  5.000000e-04
     vertex  5.949283e-01  8.209893e+01  4.513433e+00
   endloop
 endfacet
 facet normal -5.320239e-01  8.467112e-01 -5.540264e-03
   outer loop
     vertex  1.901075e+00  8.340507e+01  4.513433e+00
     vertex  2.264465e+00  8.360388e+01  5.000000e-04
     vertex  1.506041e+00  8.312733e+01  5.000000e-04
   endloop
 endfacet
 facet normal -6.201897e-01  7.844288e-01  6.010352e-03
   outer loop
     vertex  1.901075e+00  8.340507e+01  4.513433e+00
     vertex  1.506041e+00  8.312733e+01  5.000000e-04
     vertex  1.171573e+00  8.282843e+01  4.497954e+00
   endloop
 endfacet
 facet normal -3.302742e-01  9.438696e-01 -5.398219e-03
   outer loop
     vertex  2.741437e+00  8.379684e+01  4.558470e+00
     vertex  3.109916e+00  8.389971e+01  5.000000e-04
     vertex  2.264465e+00  8.360388e+01  5.000000e-04
   endloop
 endfacet
 facet normal -4.227849e-01  9.062110e-01  5.876954e-03
   outer loop
     vertex  2.741437e+00  8.379684e+01  4.558470e+00
     vertex  2.264465e+00  8.360388e+01  5.000000e-04
     vertex  1.901075e+00  8.340507e+01  4.513433e+00
   endloop
 endfacet
 facet normal -1.119630e-01  9.936988e-01 -5.198428e-03
   outer loop
     vertex  3.645000e+00  8.398422e+01  4.629216e+00
     vertex  4.000000e+00  8.400000e+01  5.000000e-04
     vertex  3.109916e+00  8.389971e+01  5.000000e-04
   endloop
 endfacet
 facet normal -2.034714e-01  9.790646e-01  5.647198e-03
   outer loop
     vertex  3.645000e+00  8.398422e+01  4.629216e+00
     vertex  3.109916e+00  8.389971e+01  5.000000e-04
     vertex  2.741437e+00  8.379684e+01  4.558470e+00
   endloop
 endfacet
 facet normal -4.441884e-02  9.990130e-01  0.000000e+00
   outer loop
     vertex  4.000000e+00  8.400000e+01  4.645000e+00
     vertex  4.000000e+00  8.400000e+01  5.000000e-04
     vertex  3.645000e+00  8.398422e+01  4.629216e+00
   endloop
 endfacet
 facet normal  6.912574e-17 -5.319207e-17 -1.000000e+00
   outer loop
     vertex  3.145896e+00  3.019144e+00  5.000000e-04
     vertex  8.726741e-01  1.506041e+00  5.000000e-04
     vertex  3.019144e+00  3.145896e+00  5.000000e-04
   endloop
 endfacet
 facet normal  2.024472e-17  2.024472e-17 -1.000000e+00
   outer loop
     vertex  3.145896e+00  3.019144e+00  5.000000e-04
     vertex  1.506041e+00  8.726741e-01  5.000000e-04
     vertex  8.726741e-01  1.506041e+00  5.000000e-04
   endloop
 endfacet
 facet normal  1.747695e-17  2.781441e-17 -1.000000e+00
   outer loop
     vertex  3.297676e+00  2.923774e+00  5.000000e-04
     vertex  2.264465e+00  3.961245e-01  5.000000e-04
     vertex  1.506041e+00  8.726741e-01  5.000000e-04
   endloop
 endfacet
 facet normal  6.728613e-17 -1.569388e-17 -1.000000e+00
   outer loop
     vertex  3.297676e+00  2.923774e+00  5.000000e-04
     vertex  1.506041e+00  8.726741e-01  5.000000e-04
     vertex  3.145896e+00  3.019144e+00  5.000000e-04
   endloop
 endfacet
 facet normal  8.266921e-17 -7.091964e-17 -1.000000e+00
   outer loop
     vertex  2.923774e+00  3.297676e+00  5.000000e-04
     vertex  3.019144e+00  3.145896e+00  5.000000e-04
     vertex  8.726741e-01  1.506041e+00  5.000000e-04
   endloop
 endfacet
 facet normal  1.337822e-17  8.406093e-18 -1.000000e+00
   outer loop
     vertex  2.923774e+00  3.297676e+00  5.000000e-04
     vertex  8.726741e-01  1.506041e+00  5.000000e-04
     vertex  3.961245e-01  2.264465e+00  5.000000e-04
   endloop
 endfacet
 facet normal  1.158153e-17  3.309812e-17 -1.000000e+00
   outer loop
     vertex  3.466872e+00  2.864570e+00  5.000000e-04
     vertex  3.109916e+00  1.002884e-01  5.000000e-04
     vertex  2.264465e+00  3.961245e-01  5.000000e-04
   endloop
 endfacet
 facet normal  4.826271e-17  1.523032e-17 -1.000000e+00
   outer loop
     vertex  3.466872e+00  2.864570e+00  5.000000e-04
     vertex  2.264465e+00  3.961245e-01  5.000000e-04
     vertex  3.297676e+00  2.923774e+00  5.000000e-04
   endloop
 endfacet
 facet normal  7.542769e-18  2.639329e-18 -1.000000e+00
   outer loop
     vertex  2.864570e+00  3.466872e+00  5.000000e-04
     vertex  3.961245e-01  2.264465e+00  5.000000e-04
     vertex  1.002884e-01  3.109916e+00  5.000000e-04
   endloop
 endfacet
 facet normal  5.847934e-17 -1.019294e-16 -1.000000e+00
   outer loop
     vertex  2.864570e+00  3.466872e+00  5.000000e-04
     vertex  2.923774e+00  3.297676e+00  5.000000e-04
     vertex  3.961245e-01  2.264465e+00  5.000000e-04
   endloop
 endfacet
 facet normal  0.000000e+00 -0.000000e+00 -1.000000e+00
   outer loop
     vertex  3.645000e+00  2.844500e+00  5.000000e-04
     vertex  4.000000e+00  0.000000e+00  5.000000e-04
     vertex  3.109916e+00  1.002884e-01  5.000000e-04
   endloop
 endfacet
 facet normal -5.253015e-16  1.024266e-16 -1.000000e+00
   outer loop
     vertex  3.645000e+00  2.844500e+00  5.000000e-04
     vertex  3.109916e+00  1.002884e-01  5.000000e-04
     vertex  3.466872e+00  2.864570e+00  5.000000e-04
   endloop
 endfacet
 facet normal  2.334212e-17 -1.197116e-16 -1.000000e+00
   outer loop
     vertex  2.844500e+00  3.645000e+00  5.000000e-04
     vertex  2.864570e+00  3.466872e+00  5.000000e-04
     vertex  1.002884e-01  3.109916e+00  5.000000e-04
   endloop
 endfacet
 facet normal -0.000000e+00  0.000000e+00 -1.000000e+00
   outer loop
     vertex  2.844500e+00  3.645000e+00  5.000000e-04
     vertex  1.002884e-01  3.109916e+00  5.000000e-04
     vertex  0.000000e+00  4.000000e+00  5.000000e-04
   endloop
 endfacet
 facet normal  0.000000e+00  0.000000e+00 -1.000000e+00
   outer loop
     vertex  3.800000e+01  0.000000e+00  5.000000e-04
     vertex  4.000000e+00  0.000000e+00  5.000000e-04
     vertex  3.645000e+00  2.844500e+00  5.000000e-04
   endloop
 endfacet
 facet normal  0.000000e+00 -0.000000e+00 -1.000000e+00
   outer loop
     vertex  2.844500e+00  3.835500e+01  5.000000e-04
     vertex  2.844500e+00  3.645000e+00  5.000000e-04
     vertex  0.000000e+00  4.000000e+00  5.000000e-04
   endloop
 endfacet
 facet normal -0.000000e+00  0.000000e+00 -1.000000e+00
   outer loop
     vertex  3.835500e+01  2.844500e+00  5.000000e-04
     vertex  3.800000e+01  0.000000e+00  5.000000e-04
     vertex  3.645000e+00  2.844500e+00  5.000000e-04
   endloop
 endfacet
 facet normal  0.000000e+00 -0.000000e+00 -1.000000e+00
   outer loop
     vertex  3.835500e+01  2.844500e+00  5.000000e-04
     vertex  3.889008e+01  1.002884e-01  5.000000e-04
     vertex  3.800000e+01  0.000000e+00  5.000000e-04
   endloop
 endfacet
 facet normal -1.158153e-17  3.309812e-17 -1.000000e+00
   outer loop
     vertex  3.853313e+01  2.864570e+00  5.000000e-04
     vertex  3.973553e+01  3.961245e-01  5.000000e-04
     vertex  3.889008e+01  1.002884e-01  5.000000e-04
   endloop
 endfacet
 facet normal  5.253015e-16  1.024266e-16 -1.000000e+00
   outer loop
     vertex  3.853313e+01  2.864570e+00  5.000000e-04
     vertex  3.889008e+01  1.002884e-01  5.000000e-04
     vertex  3.835500e+01  2.844500e+00  5.000000e-04
   endloop
 endfacet
 facet normal -1.747695e-17  2.781441e-17 -1.000000e+00
   outer loop
     vertex  3.870232e+01  2.923774e+00  5.000000e-04
     vertex  4.049396e+01  8.726741e-01  5.000000e-04
     vertex  3.973553e+01  3.961245e-01  5.000000e-04
   endloop
 endfacet
 facet normal -4.826271e-17  1.523032e-17 -1.000000e+00
   outer loop
     vertex  3.870232e+01  2.923774e+00  5.000000e-04
     vertex  3.973553e+01  3.961245e-01  5.000000e-04
     vertex  3.853313e+01  2.864570e+00  5.000000e-04
   endloop
 endfacet
 facet normal -6.728613e-17 -1.569388e-17 -1.000000e+00
   outer loop
     vertex  3.885410e+01  3.019144e+00  5.000000e-04
     vertex  4.049396e+01  8.726741e-01  5.000000e-04
     vertex  3.870232e+01  2.923774e+00  5.000000e-04
   endloop
 endfacet
 facet normal -8.958675e-17 -3.273107e-17 -1.000000e+00
   outer loop
     vertex  3.898086e+01  3.145896e+00  5.000000e-04
     vertex  4.049396e+01  8.726741e-01  5.000000e-04
     vertex  3.885410e+01  3.019144e+00  5.000000e-04
   endloop
 endfacet
 facet normal -1.614996e-17  1.614996e-17 -1.000000e+00
   outer loop
     vertex  4.112733e+01  1.506041e+00  5.000000e-04
     vertex  4.049396e+01  8.726741e-01  5.000000e-04
     vertex  3.898086e+01  3.145896e+00  5.000000e-04
   endloop
 endfacet
 facet normal -8.266921e-17 -7.091964e-17 -1.000000e+00
   outer loop
     vertex  4.112733e+01  1.506041e+00  5.000000e-04
     vertex  3.898086e+01  3.145896e+00  5.000000e-04
     vertex  3.907623e+01  3.297676e+00  5.000000e-04
   endloop
 endfacet
 facet normal -5.847934e-17 -1.019294e-16 -1.000000e+00
   outer loop
     vertex  4.160388e+01  2.264465e+00  5.000000e-04
     vertex  3.907623e+01  3.297676e+00  5.000000e-04
     vertex  3.913543e+01  3.466872e+00  5.000000e-04
   endloop
 endfacet
 facet normal -1.337822e-17  8.406093e-18 -1.000000e+00
   outer loop
     vertex  4.160388e+01  2.264465e+00  5.000000e-04
     vertex  4.112733e+01  1.506041e+00  5.000000e-04
     vertex  3.907623e+01  3.297676e+00  5.000000e-04
   endloop
 endfacet
 facet normal -2.334212e-17 -1.197116e-16 -1.000000e+00
   outer loop
     vertex  4.189971e+01  3.109916e+00  5.000000e-04
     vertex  3.913543e+01  3.466872e+00  5.000000e-04
     vertex  3.915550e+01  3.645000e+00  5.000000e-04
   endloop
 endfacet
 facet normal -7.542769e-18  2.639329e-18 -1.000000e+00
   outer loop
     vertex  4.189971e+01  3.109916e+00  5.000000e-04
     vertex  4.160388e+01  2.264465e+00  5.000000e-04
     vertex  3.913543e+01  3.466872e+00  5.000000e-04
   endloop
 endfacet
 facet normal  0.000000e+00  0.000000e+00 -1.000000e+00
   outer loop
     vertex  4.200000e+01  4.000000e+00  5.000000e-04
     vertex  4.189971e+01  3.109916e+00  5.000000e-04
     vertex  3.915550e+01  3.645000e+00  5.000000e-04
   endloop
 endfacet
 facet normal -1.477068e-16  2.538902e-17 -1.000000e+00
   outer loop
     vertex  3.145896e+00  4.501914e+01  5.000000e-04
     vertex  3.145896e+00  3.898086e+01  5.000000e-04
     vertex  3.019144e+00  3.885410e+01  5.000000e-04
   endloop
 endfacet
 facet normal -9.310023e-17  2.538902e-17 -1.000000e+00
   outer loop
     vertex  3.145896e+00  4.501914e+01  5.000000e-04
     vertex  3.297676e+00  3.907623e+01  5.000000e-04
     vertex  3.145896e+00  3.898086e+01  5.000000e-04
   endloop
 endfacet
 facet normal  1.417555e-16  1.943770e-17 -1.000000e+00
   outer loop
     vertex  3.145896e+00  4.501914e+01  5.000000e-04
     vertex  3.019144e+00  3.885410e+01  5.000000e-04
     vertex  3.019144e+00  4.514590e+01  5.000000e-04
   endloop
 endfacet
 facet normal  9.613703e-17  3.022206e-17 -1.000000e+00
   outer loop
     vertex  3.297676e+00  4.492377e+01  5.000000e-04
     vertex  3.297676e+00  3.907623e+01  5.000000e-04
     vertex  3.145896e+00  4.501914e+01  5.000000e-04
   endloop
 endfacet
 facet normal -2.160484e-16  1.288808e-17 -1.000000e+00
   outer loop
     vertex  2.923774e+00  4.529768e+01  5.000000e-04
     vertex  3.019144e+00  3.885410e+01  5.000000e-04
     vertex  2.923774e+00  3.870232e+01  5.000000e-04
   endloop
 endfacet
 facet normal  2.264721e-16  1.943770e-17 -1.000000e+00
   outer loop
     vertex  2.923774e+00  4.529768e+01  5.000000e-04
     vertex  3.019144e+00  4.514590e+01  5.000000e-04
     vertex  3.019144e+00  3.885410e+01  5.000000e-04
   endloop
 endfacet
 facet normal -5.461445e-17  3.338254e-17 -1.000000e+00
   outer loop
     vertex  3.466872e+00  4.486457e+01  5.000000e-04
     vertex  3.466872e+00  3.913543e+01  5.000000e-04
     vertex  3.297676e+00  3.907623e+01  5.000000e-04
   endloop
 endfacet
 facet normal  5.350854e-17  3.022206e-17 -1.000000e+00
   outer loop
     vertex  3.466872e+00  4.486457e+01  5.000000e-04
     vertex  3.297676e+00  3.907623e+01  5.000000e-04
     vertex  3.297676e+00  4.492377e+01  5.000000e-04
   endloop
 endfacet
 facet normal -3.677409e-16  6.285915e-18 -1.000000e+00
   outer loop
     vertex  2.864570e+00  4.546687e+01  5.000000e-04
     vertex  2.923774e+00  3.870232e+01  5.000000e-04
     vertex  2.864570e+00  3.853313e+01  5.000000e-04
   endloop
 endfacet
 facet normal  3.866088e-16  1.288808e-17 -1.000000e+00
   outer loop
     vertex  2.864570e+00  4.546687e+01  5.000000e-04
     vertex  2.923774e+00  4.529768e+01  5.000000e-04
     vertex  2.923774e+00  3.870232e+01  5.000000e-04
   endloop
 endfacet
 facet normal  5.368422e-16  0.000000e+00 -1.000000e+00
   outer loop
     vertex  3.645000e+00  4.484450e+01  5.000000e-04
     vertex  3.645000e+00  3.915550e+01  5.000000e-04
     vertex  3.466872e+00  3.913543e+01  5.000000e-04
   endloop
 endfacet
 facet normal -5.330809e-16  3.338254e-17 -1.000000e+00
   outer loop
     vertex  3.645000e+00  4.484450e+01  5.000000e-04
     vertex  3.466872e+00  3.913543e+01  5.000000e-04
     vertex  3.466872e+00  4.486457e+01  5.000000e-04
   endloop
 endfacet
 facet normal -1.085812e-15  5.291602e-31 -1.000000e+00
   outer loop
     vertex  2.844500e+00  4.564500e+01  5.000000e-04
     vertex  2.864570e+00  3.853313e+01  5.000000e-04
     vertex  2.844500e+00  3.835500e+01  5.000000e-04
   endloop
 endfacet
 facet normal  1.141601e-15  6.285915e-18 -1.000000e+00
   outer loop
     vertex  2.844500e+00  4.564500e+01  5.000000e-04
     vertex  2.864570e+00  4.546687e+01  5.000000e-04
     vertex  2.864570e+00  3.853313e+01  5.000000e-04
   endloop
 endfacet
 facet normal  0.000000e+00  0.000000e+00 -1.000000e+00
   outer loop
     vertex  3.915550e+01  3.835500e+01  5.000000e-04
     vertex  4.200000e+01  4.000000e+00  5.000000e-04
     vertex  3.915550e+01  3.645000e+00  5.000000e-04
   endloop
 endfacet
 facet normal  0.000000e+00 -0.000000e+00 -1.000000e+00
   outer loop
     vertex  3.835500e+01  4.484450e+01  5.000000e-04
     vertex  3.835500e+01  3.915550e+01  5.000000e-04
     vertex  3.645000e+00  3.915550e+01  5.000000e-04
   endloop
 endfacet
 facet normal -5.368422e-16 -0.000000e+00 -1.000000e+00
   outer loop
     vertex  3.835500e+01  4.484450e+01  5.000000e-04
     vertex  3.853313e+01  3.913543e+01  5.000000e-04
     vertex  3.835500e+01  3.915550e+01  5.000000e-04
   endloop
 endfacet
 facet normal -0.000000e+00  0.000000e+00 -1.000000e+00
   outer loop
     vertex  3.835500e+01  4.484450e+01  5.000000e-04
     vertex  3.645000e+00  3.915550e+01  5.000000e-04
     vertex  3.645000e+00  4.484450e+01  5.000000e-04
   endloop
 endfacet
 facet normal  0.000000e+00 -0.000000e+00 -1.000000e+00
   outer loop
     vertex  2.844500e+00  8.035500e+01  5.000000e-04
     vertex  2.844500e+00  4.564500e+01  5.000000e-04
     vertex  0.000000e+00  8.000000e+01  5.000000e-04
   endloop
 endfacet
 facet normal -0.000000e+00  0.000000e+00 -1.000000e+00
   outer loop
     vertex  2.844500e+00  8.035500e+01  5.000000e-04
     vertex  0.000000e+00  8.000000e+01  5.000000e-04
     vertex  1.002884e-01  8.089008e+01  5.000000e-04
   endloop
 endfacet
 facet normal  5.330809e-16  3.338254e-17 -1.000000e+00
   outer loop
     vertex  3.853313e+01  4.486457e+01  5.000000e-04
     vertex  3.853313e+01  3.913543e+01  5.000000e-04
     vertex  3.835500e+01  4.484450e+01  5.000000e-04
   endloop
 endfacet
 facet normal -7.542769e-18  2.639329e-18 -1.000000e+00
   outer loop
     vertex  2.864570e+00  8.053313e+01  5.000000e-04
     vertex  1.002884e-01  8.089008e+01  5.000000e-04
     vertex  3.961245e-01  8.173553e+01  5.000000e-04
   endloop
 endfacet
 facet normal -2.334212e-17 -1.197116e-16 -1.000000e+00
   outer loop
     vertex  2.864570e+00  8.053313e+01  5.000000e-04
     vertex  2.844500e+00  8.035500e+01  5.000000e-04
     vertex  1.002884e-01  8.089008e+01  5.000000e-04
   endloop
 endfacet
 facet normal -5.461445e-17  3.338254e-17 -1.000000e+00
   outer loop
     vertex  3.870232e+01  4.492377e+01  5.000000e-04
     vertex  3.853313e+01  3.913543e+01  5.000000e-04
     vertex  3.853313e+01  4.486457e+01  5.000000e-04
   endloop
 endfacet
 facet normal  5.350854e-17  3.022206e-17 -1.000000e+00
   outer loop
     vertex  3.870232e+01  4.492377e+01  5.000000e-04
     vertex  3.870232e+01  3.907623e+01  5.000000e-04
     vertex  3.853313e+01  3.913543e+01  5.000000e-04
   endloop
 endfacet
 facet normal  9.613703e-17  3.022206e-17 -1.000000e+00
   outer loop
     vertex  3.870232e+01  4.492377e+01  5.000000e-04
     vertex  3.885410e+01  3.898086e+01  5.000000e-04
     vertex  3.870232e+01  3.907623e+01  5.000000e-04
   endloop
 endfacet
 facet normal -5.847934e-17 -1.019294e-16 -1.000000e+00
   outer loop
     vertex  2.923774e+00  8.070232e+01  5.000000e-04
     vertex  2.864570e+00  8.053313e+01  5.000000e-04
     vertex  3.961245e-01  8.173553e+01  5.000000e-04
   endloop
 endfacet
 facet normal -1.337822e-17  8.406093e-18 -1.000000e+00
   outer loop
     vertex  2.923774e+00  8.070232e+01  5.000000e-04
     vertex  3.961245e-01  8.173553e+01  5.000000e-04
     vertex  8.726741e-01  8.249396e+01  5.000000e-04
   endloop
 endfacet
 facet normal -9.310023e-17  2.538902e-17 -1.000000e+00
   outer loop
     vertex  3.885410e+01  4.501914e+01  5.000000e-04
     vertex  3.885410e+01  3.898086e+01  5.000000e-04
     vertex  3.870232e+01  4.492377e+01  5.000000e-04
   endloop
 endfacet
 facet normal -8.266921e-17 -7.091964e-17 -1.000000e+00
   outer loop
     vertex  3.019144e+00  8.085410e+01  5.000000e-04
     vertex  2.923774e+00  8.070232e+01  5.000000e-04
     vertex  8.726741e-01  8.249396e+01  5.000000e-04
   endloop
 endfacet
 facet normal -1.477068e-16  2.538902e-17 -1.000000e+00
   outer loop
     vertex  3.898086e+01  4.514590e+01  5.000000e-04
     vertex  3.885410e+01  3.898086e+01  5.000000e-04
     vertex  3.885410e+01  4.501914e+01  5.000000e-04
   endloop
 endfacet
 facet normal  1.417555e-16  1.943770e-17 -1.000000e+00
   outer loop
     vertex  3.898086e+01  4.514590e+01  5.000000e-04
     vertex  3.898086e+01  3.885410e+01  5.000000e-04
     vertex  3.885410e+01  3.898086e+01  5.000000e-04
   endloop
 endfacet
 facet normal -2.264721e-16  1.943770e-17 -1.000000e+00
   outer loop
     vertex  3.907623e+01  4.529768e+01  5.000000e-04
     vertex  3.898086e+01  3.885410e+01  5.000000e-04
     vertex  3.898086e+01  4.514590e+01  5.000000e-04
   endloop
 endfacet
 facet normal  2.160484e-16  1.288808e-17 -1.000000e+00
   outer loop
     vertex  3.907623e+01  4.529768e+01  5.000000e-04
     vertex  3.907623e+01  3.870232e+01  5.000000e-04
     vertex  3.898086e+01  3.885410e+01  5.000000e-04
   endloop
 endfacet
 facet normal  3.866088e-16  1.288808e-17 -1.000000e+00
   outer loop
     vertex  3.907623e+01  4.529768e+01  5.000000e-04
     vertex  3.913543e+01  3.853313e+01  5.000000e-04
     vertex  3.907623e+01  3.870232e+01  5.000000e-04
   endloop
 endfacet
 facet normal -3.677409e-16  6.285915e-18 -1.000000e+00
   outer loop
     vertex  3.913543e+01  4.546687e+01  5.000000e-04
     vertex  3.913543e+01  3.853313e+01  5.000000e-04
     vertex  3.907623e+01  4.529768e+01  5.000000e-04
   endloop
 endfacet
 facet normal  1.141601e-15  6.285915e-18 -1.000000e+00
   outer loop
     vertex  3.913543e+01  4.546687e+01  5.000000e-04
     vertex  3.915550e+01  3.835500e+01  5.000000e-04
     vertex  3.913543e+01  3.853313e+01  5.000000e-04
   endloop
 endfacet
 facet normal -1.614996e-17  1.614996e-17 -1.000000e+00
   outer loop
     vertex  1.506041e+00  8.312733e+01  5.000000e-04
     vertex  3.019144e+00  8.085410e+01  5.000000e-04
     vertex  8.726741e-01  8.249396e+01  5.000000e-04
   endloop
 endfacet
 facet normal -8.958675e-17 -3.273107e-17 -1.000000e+00
   outer loop
     vertex  1.506041e+00  8.312733e+01  5.000000e-04
     vertex  3.145896e+00  8.098086e+01  5.000000e-04
     vertex  3.019144e+00  8.085410e+01  5.000000e-04
   endloop
 endfacet
 facet normal -6.728613e-17 -1.569388e-17 -1.000000e+00
   outer loop
     vertex  1.506041e+00  8.312733e+01  5.000000e-04
     vertex  3.297676e+00  8.107623e+01  5.000000e-04
     vertex  3.145896e+00  8.098086e+01  5.000000e-04
   endloop
 endfacet
 facet normal -1.085812e-15 -0.000000e+00 -1.000000e+00
   outer loop
     vertex  3.915550e+01  4.564500e+01  5.000000e-04
     vertex  3.915550e+01  3.835500e+01  5.000000e-04
     vertex  3.913543e+01  4.546687e+01  5.000000e-04
   endloop
 endfacet
 facet normal -1.747695e-17  2.781441e-17 -1.000000e+00
   outer loop
     vertex  2.264465e+00  8.360388e+01  5.000000e-04
     vertex  3.297676e+00  8.107623e+01  5.000000e-04
     vertex  1.506041e+00  8.312733e+01  5.000000e-04
   endloop
 endfacet
 facet normal -4.826271e-17  1.523032e-17 -1.000000e+00
   outer loop
     vertex  2.264465e+00  8.360388e+01  5.000000e-04
     vertex  3.466872e+00  8.113543e+01  5.000000e-04
     vertex  3.297676e+00  8.107623e+01  5.000000e-04
   endloop
 endfacet
 facet normal -1.158153e-17  3.309812e-17 -1.000000e+00
   outer loop
     vertex  3.109916e+00  8.389971e+01  5.000000e-04
     vertex  3.466872e+00  8.113543e+01  5.000000e-04
     vertex  2.264465e+00  8.360388e+01  5.000000e-04
   endloop
 endfacet
 facet normal  5.253015e-16  1.024266e-16 -1.000000e+00
   outer loop
     vertex  3.109916e+00  8.389971e+01  5.000000e-04
     vertex  3.645000e+00  8.115550e+01  5.000000e-04
     vertex  3.466872e+00  8.113543e+01  5.000000e-04
   endloop
 endfacet
 facet normal  0.000000e+00  0.000000e+00 -1.000000e+00
   outer loop
     vertex  4.000000e+00  8.400000e+01  5.000000e-04
     vertex  3.645000e+00  8.115550e+01  5.000000e-04
     vertex  3.109916e+00  8.389971e+01  5.000000e-04
   endloop
 endfacet
 facet normal -0.000000e+00  0.000000e+00 -1.000000e+00
   outer loop
     vertex  4.200000e+01  8.000000e+01  5.000000e-04
     vertex  3.915550e+01  4.564500e+01  5.000000e-04
     vertex  3.915550e+01  8.035500e+01  5.000000e-04
   endloop
 endfacet
 facet normal -0.000000e+00  0.000000e+00 -1.000000e+00
   outer loop
     vertex  3.800000e+01  8.400000e+01  5.000000e-04
     vertex  3.645000e+00  8.115550e+01  5.000000e-04
     vertex  4.000000e+00  8.400000e+01  5.000000e-04
   endloop
 endfacet
 facet normal  0.000000e+00 -0.000000e+00 -1.000000e+00
   outer loop
     vertex  3.800000e+01  8.400000e+01  5.000000e-04
     vertex  3.835500e+01  8.115550e+01  5.000000e-04
     vertex  3.645000e+00  8.115550e+01  5.000000e-04
   endloop
 endfacet
 facet normal  0.000000e+00 -0.000000e+00 -1.000000e+00
   outer loop
     vertex  4.189971e+01  8.089008e+01  5.000000e-04
     vertex  4.200000e+01  8.000000e+01  5.000000e-04
     vertex  3.915550e+01  8.035500e+01  5.000000e-04
   endloop
 endfacet
 facet normal  2.334212e-17 -1.197116e-16 -1.000000e+00
   outer loop
     vertex  4.189971e+01  8.089008e+01  5.000000e-04
     vertex  3.915550e+01  8.035500e+01  5.000000e-04
     vertex  3.913543e+01  8.053313e+01  5.000000e-04
   endloop
 endfacet
 facet normal -0.000000e+00  0.000000e+00 -1.000000e+00
   outer loop
     vertex  3.889008e+01  8.389971e+01  5.000000e-04
     vertex  3.835500e+01  8.115550e+01  5.000000e-04
     vertex  3.800000e+01  8.400000e+01  5.000000e-04
   endloop
 endfacet
 facet normal -5.253015e-16  1.024266e-16 -1.000000e+00
   outer loop
     vertex  3.889008e+01  8.389971e+01  5.000000e-04
     vertex  3.853313e+01  8.113543e+01  5.000000e-04
     vertex  3.835500e+01  8.115550e+01  5.000000e-04
   endloop
 endfacet
 facet normal  7.542769e-18  2.639329e-18 -1.000000e+00
   outer loop
     vertex  4.160388e+01  8.173553e+01  5.000000e-04
     vertex  4.189971e+01  8.089008e+01  5.000000e-04
     vertex  3.913543e+01  8.053313e+01  5.000000e-04
   endloop
 endfacet
 facet normal  5.847934e-17 -1.019294e-16 -1.000000e+00
   outer loop
     vertex  4.160388e+01  8.173553e+01  5.000000e-04
     vertex  3.913543e+01  8.053313e+01  5.000000e-04
     vertex  3.907623e+01  8.070232e+01  5.000000e-04
   endloop
 endfacet
 facet normal  1.158153e-17  3.309812e-17 -1.000000e+00
   outer loop
     vertex  3.973553e+01  8.360388e+01  5.000000e-04
     vertex  3.853313e+01  8.113543e+01  5.000000e-04
     vertex  3.889008e+01  8.389971e+01  5.000000e-04
   endloop
 endfacet
 facet normal  4.826271e-17  1.523032e-17 -1.000000e+00
   outer loop
     vertex  3.973553e+01  8.360388e+01  5.000000e-04
     vertex  3.870232e+01  8.107623e+01  5.000000e-04
     vertex  3.853313e+01  8.113543e+01  5.000000e-04
   endloop
 endfacet
 facet normal  1.747695e-17  2.781441e-17 -1.000000e+00
   outer loop
     vertex  4.049396e+01  8.312733e+01  5.000000e-04
     vertex  3.870232e+01  8.107623e+01  5.000000e-04
     vertex  3.973553e+01  8.360388e+01  5.000000e-04
   endloop
 endfacet
 facet normal  6.728613e-17 -1.569388e-17 -1.000000e+00
   outer loop
     vertex  4.049396e+01  8.312733e+01  5.000000e-04
     vertex  3.885410e+01  8.098086e+01  5.000000e-04
     vertex  3.870232e+01  8.107623e+01  5.000000e-04
   endloop
 endfacet
 facet normal  8.958675e-17 -3.273107e-17 -1.000000e+00
   outer loop
     vertex  4.049396e+01  8.312733e+01  5.000000e-04
     vertex  3.898086e+01  8.085410e+01  5.000000e-04
     vertex  3.885410e+01  8.098086e+01  5.000000e-04
   endloop
 endfacet
 facet normal  1.337822e-17  8.406093e-18 -1.000000e+00
   outer loop
     vertex  4.112733e+01  8.249396e+01  5.000000e-04
     vertex  4.160388e+01  8.173553e+01  5.000000e-04
     vertex  3.907623e+01  8.070232e+01  5.000000e-04
   endloop
 endfacet
 facet normal  1.614996e-17  1.614996e-17 -1.000000e+00
   outer loop
     vertex  4.112733e+01  8.249396e+01  5.000000e-04
     vertex  3.898086e+01  8.085410e+01  5.000000e-04
     vertex  4.049396e+01  8.312733e+01  5.000000e-04
   endloop
 endfacet
 facet normal  8.266921e-17 -7.091964e-17 -1.000000e+00
   outer loop
     vertex  4.112733e+01  8.249396e+01  5.000000e-04
     vertex  3.907623e+01  8.070232e+01  5.000000e-04
     vertex  3.898086e+01  8.085410e+01  5.000000e-04
   endloop
 endfacet
 facet normal  0.000000e+00  0.000000e+00 -1.000000e+00
   outer loop
     vertex  0.000000e+00  8.000000e+01  5.000000e-04
     vertex  2.844500e+00  3.835500e+01  5.000000e-04
     vertex  0.000000e+00  4.000000e+00  5.000000e-04
   endloop
 endfacet
 facet normal  0.000000e+00  0.000000e+00 -1.000000e+00
   outer loop
     vertex  0.000000e+00  8.000000e+01  5.000000e-04
     vertex  2.844500e+00  4.564500e+01  5.000000e-04
     vertex  2.844500e+00  3.835500e+01  5.000000e-04
   endloop
 endfacet
 facet normal  0.000000e+00  0.000000e+00 -1.000000e+00
   outer loop
     vertex  4.200000e+01  4.000000e+00  5.000000e-04
     vertex  3.915550e+01  4.564500e+01  5.000000e-04
     vertex  4.200000e+01  8.000000e+01  5.000000e-04
   endloop
 endfacet
 facet normal  0.000000e+00  0.000000e+00 -1.000000e+00
   outer loop
     vertex  4.200000e+01  4.000000e+00  5.000000e-04
     vertex  3.915550e+01  3.835500e+01  5.000000e-04
     vertex  3.915550e+01  4.564500e+01  5.000000e-04
   endloop
 endfacet
 facet normal -9.990130e-01 -4.441884e-02  0.000000e+00
   outer loop
     vertex  1.578427e-02  3.645000e+00  4.629216e+00
     vertex  0.000000e+00  4.000000e+00  4.645000e+00
     vertex  0.000000e+00  4.000000e+00  5.000000e-04
   endloop
 endfacet
 facet normal -9.936988e-01 -1.119630e-01 -5.198428e-03
   outer loop
     vertex  1.578427e-02  3.645000e+00  4.629216e+00
     vertex  0.000000e+00  4.000000e+00  5.000000e-04
     vertex  1.002884e-01  3.109916e+00  5.000000e-04
   endloop
 endfacet
 facet normal -9.438696e-01 -3.302742e-01 -5.398219e-03
   outer loop
     vertex  2.031567e-01  2.741437e+00  4.558470e+00
     vertex  1.002884e-01  3.109916e+00  5.000000e-04
     vertex  3.961245e-01  2.264465e+00  5.000000e-04
   endloop
 endfacet
 facet normal -9.790646e-01 -2.034714e-01  5.647199e-03
   outer loop
     vertex  2.031567e-01  2.741437e+00  4.558470e+00
     vertex  1.578427e-02  3.645000e+00  4.629216e+00
     vertex  1.002884e-01  3.109916e+00  5.000000e-04
   endloop
 endfacet
 facet normal -8.467112e-01 -5.320239e-01 -5.540264e-03
   outer loop
     vertex  5.949283e-01  1.901075e+00  4.513433e+00
     vertex  3.961245e-01  2.264465e+00  5.000000e-04
     vertex  8.726741e-01  1.506041e+00  5.000000e-04
   endloop
 endfacet
 facet normal -9.062110e-01 -4.227850e-01  5.876953e-03
   outer loop
     vertex  5.949283e-01  1.901075e+00  4.513433e+00
     vertex  2.031567e-01  2.741437e+00  4.558470e+00
     vertex  3.961245e-01  2.264465e+00  5.000000e-04
   endloop
 endfacet
 facet normal -7.070957e-01 -7.070957e-01 -5.592223e-03
   outer loop
     vertex  1.171573e+00  1.171573e+00  4.497954e+00
     vertex  8.726741e-01  1.506041e+00  5.000000e-04
     vertex  1.506041e+00  8.726741e-01  5.000000e-04
   endloop
 endfacet
 facet normal -7.844288e-01 -6.201897e-01  6.010353e-03
   outer loop
     vertex  1.171573e+00  1.171573e+00  4.497954e+00
     vertex  5.949283e-01  1.901075e+00  4.513433e+00
     vertex  8.726741e-01  1.506041e+00  5.000000e-04
   endloop
 endfacet
 facet normal -5.320239e-01 -8.467112e-01 -5.540264e-03
   outer loop
     vertex  1.901075e+00  5.949283e-01  4.513433e+00
     vertex  1.506041e+00  8.726741e-01  5.000000e-04
     vertex  2.264465e+00  3.961245e-01  5.000000e-04
   endloop
 endfacet
 facet normal -6.201897e-01 -7.844288e-01  6.010352e-03
   outer loop
     vertex  1.901075e+00  5.949283e-01  4.513433e+00
     vertex  1.171573e+00  1.171573e+00  4.497954e+00
     vertex  1.506041e+00  8.726741e-01  5.000000e-04
   endloop
 endfacet
 facet normal -3.302742e-01 -9.438696e-01 -5.398219e-03
   outer loop
     vertex  2.741437e+00  2.031567e-01  4.558470e+00
     vertex  2.264465e+00  3.961245e-01  5.000000e-04
     vertex  3.109916e+00  1.002884e-01  5.000000e-04
   endloop
 endfacet
 facet normal -4.227849e-01 -9.062110e-01  5.876954e-03
   outer loop
     vertex  2.741437e+00  2.031567e-01  4.558470e+00
     vertex  1.901075e+00  5.949283e-01  4.513433e+00
     vertex  2.264465e+00  3.961245e-01  5.000000e-04
   endloop
 endfacet
 facet normal -1.119630e-01 -9.936988e-01 -5.198428e-03
   outer loop
     vertex  3.645000e+00  1.578427e-02  4.629216e+00
     vertex  3.109916e+00  1.002884e-01  5.000000e-04
     vertex  4.000000e+00  0.000000e+00  5.000000e-04
   endloop
 endfacet
 facet normal -2.034714e-01 -9.790646e-01  5.647198e-03
   outer loop
     vertex  3.645000e+00  1.578427e-02  4.629216e+00
     vertex  2.741437e+00  2.031567e-01  4.558470e+00
     vertex  3.109916e+00  1.002884e-01  5.000000e-04
   endloop
 endfacet
 facet normal -4.441884e-02 -9.990130e-01 -0.000000e+00
   outer loop
     vertex  4.000000e+00  0.000000e+00  4.645000e+00
     vertex  3.645000e+00  1.578427e-02  4.629216e+00
     vertex  4.000000e+00  0.000000e+00  5.000000e-04
   endloop
 endfacet
 facet normal  7.071068e-01 -8.295144e-16  7.071068e-01
   outer loop
     vertex  2.148500e+00  3.645000e+00  2.496500e+00
     vertex  0.000000e+00  4.000000e+00  4.645000e+00
     vertex  1.578427e-02  3.645000e+00  4.629216e+00
   endloop
 endfacet
 facet normal  7.071068e-01  7.657772e-17  7.071068e-01
   outer loop
     vertex  2.148500e+00  3.835500e+01  2.496500e+00
     vertex  5.551115e-17  3.835500e+01  4.645000e+00
     vertex  0.000000e+00  4.000000e+00  4.645000e+00
   endloop
 endfacet
 facet normal  7.071068e-01  9.046917e-17  7.071068e-01
   outer loop
     vertex  2.148500e+00  3.835500e+01  2.496500e+00
     vertex  0.000000e+00  4.000000e+00  4.645000e+00
     vertex  2.148500e+00  3.645000e+00  2.496500e+00
   endloop
 endfacet
 facet normal  2.896061e-01 -4.781277e-01  8.291696e-01
   outer loop
     vertex  2.566642e+00  4.200000e+01  4.801168e+00
     vertex  1.998800e+00  4.200000e+01  4.999500e+00
     vertex  1.177065e+00  4.150227e+01  4.999500e+00
   endloop
 endfacet
 facet normal  7.002145e-01 -1.392813e-01  7.002145e-01
   outer loop
     vertex  1.106179e+00  3.940661e+01  3.748000e+00
     vertex  5.551115e-17  3.835500e+01  4.645000e+00
     vertex  2.148500e+00  3.835500e+01  2.496500e+00
   endloop
 endfacet
 facet normal  6.721054e-01 -2.306149e-01  7.036271e-01
   outer loop
     vertex  1.106179e+00  3.940661e+01  3.748000e+00
     vertex  0.000000e+00  4.000120e+01  4.999500e+00
     vertex  0.000000e+00  3.924977e+01  4.753216e+00
   endloop
 endfacet
 facet normal  6.768442e-01 -1.306275e-01  7.244435e-01
   outer loop
     vertex  1.106179e+00  3.940661e+01  3.748000e+00
     vertex  0.000000e+00  3.924977e+01  4.753216e+00
     vertex  0.000000e+00  3.879910e+01  4.671954e+00
   endloop
 endfacet
 facet normal  6.550763e-01 -4.577423e-02  7.541749e-01
   outer loop
     vertex  1.106179e+00  3.940661e+01  3.748000e+00
     vertex  0.000000e+00  3.879910e+01  4.671954e+00
     vertex  5.551115e-17  3.835500e+01  4.645000e+00
   endloop
 endfacet
 facet normal  6.041600e-01 -3.659449e-01  7.078665e-01
   outer loop
     vertex  1.106179e+00  3.940661e+01  3.748000e+00
     vertex  4.977320e-01  4.082294e+01  4.999500e+00
     vertex  0.000000e+00  4.000120e+01  4.999500e+00
   endloop
 endfacet
 facet normal  7.306835e-01 -8.232826e-02  6.777342e-01
   outer loop
     vertex  1.106179e+00  3.940661e+01  3.748000e+00
     vertex  2.148500e+00  3.835500e+01  2.496500e+00
     vertex  2.186020e+00  3.868800e+01  2.496500e+00
   endloop
 endfacet
 facet normal  6.660713e-01 -2.330684e-01  7.085394e-01
   outer loop
     vertex  1.106179e+00  3.940661e+01  3.748000e+00
     vertex  2.186020e+00  3.868800e+01  2.496500e+00
     vertex  2.296700e+00  3.900431e+01  2.496500e+00
   endloop
 endfacet
 facet normal  6.058018e-01 -3.806505e-01  6.986482e-01
   outer loop
     vertex  1.106179e+00  3.940661e+01  3.748000e+00
     vertex  2.296700e+00  3.900431e+01  2.496500e+00
     vertex  2.474989e+00  3.928805e+01  2.496500e+00
   endloop
 endfacet
 facet normal  5.058164e-01 -5.058164e-01  6.987843e-01
   outer loop
     vertex  1.701871e+00  4.029813e+01  3.748000e+00
     vertex  1.177065e+00  4.150227e+01  4.999500e+00
     vertex  4.977320e-01  4.082294e+01  4.999500e+00
   endloop
 endfacet
 facet normal  4.981239e-01 -4.981239e-01  7.097501e-01
   outer loop
     vertex  1.701871e+00  4.029813e+01  3.748000e+00
     vertex  2.474989e+00  3.928805e+01  2.496500e+00
     vertex  2.711947e+00  3.952501e+01  2.496500e+00
   endloop
 endfacet
 facet normal  5.992006e-01 -4.003730e-01  6.932966e-01
   outer loop
     vertex  1.701871e+00  4.029813e+01  3.748000e+00
     vertex  1.106179e+00  3.940661e+01  3.748000e+00
     vertex  2.474989e+00  3.928805e+01  2.496500e+00
   endloop
 endfacet
 facet normal  5.783247e-01 -3.864242e-01  7.184824e-01
   outer loop
     vertex  1.701871e+00  4.029813e+01  3.748000e+00
     vertex  4.977320e-01  4.082294e+01  4.999500e+00
     vertex  1.106179e+00  3.940661e+01  3.748000e+00
   endloop
 endfacet
 facet normal  5.456325e-02 -6.596872e-01  7.495570e-01
   outer loop
     vertex  2.593386e+00  4.089382e+01  3.748000e+00
     vertex  3.645000e+00  4.200000e+01  4.645000e+00
     vertex  3.111505e+00  4.200000e+01  4.683835e+00
   endloop
 endfacet
 facet normal  1.544913e-01 -6.792997e-01  7.174150e-01
   outer loop
     vertex  2.593386e+00  4.089382e+01  3.748000e+00
     vertex  3.111505e+00  4.200000e+01  4.683835e+00
     vertex  2.566642e+00  4.200000e+01  4.801168e+00
   endloop
 endfacet
 facet normal  1.392813e-01 -7.002145e-01  7.002145e-01
   outer loop
     vertex  2.593386e+00  4.089382e+01  3.748000e+00
     vertex  3.645000e+00  3.985150e+01  2.496500e+00
     vertex  3.645000e+00  4.200000e+01  4.645000e+00
   endloop
 endfacet
 facet normal  3.806505e-01 -6.058018e-01  6.986482e-01
   outer loop
     vertex  2.593386e+00  4.089382e+01  3.748000e+00
     vertex  2.711947e+00  3.952501e+01  2.496500e+00
     vertex  2.995693e+00  3.970330e+01  2.496500e+00
   endloop
 endfacet
 facet normal  2.330684e-01 -6.660713e-01  7.085394e-01
   outer loop
     vertex  2.593386e+00  4.089382e+01  3.748000e+00
     vertex  2.995693e+00  3.970330e+01  2.496500e+00
     vertex  3.311997e+00  3.981398e+01  2.496500e+00
   endloop
 endfacet
 facet normal  8.232826e-02 -7.306835e-01  6.777342e-01
   outer loop
     vertex  2.593386e+00  4.089382e+01  3.748000e+00
     vertex  3.311997e+00  3.981398e+01  2.496500e+00
     vertex  3.645000e+00  3.985150e+01  2.496500e+00
   endloop
 endfacet
 facet normal  3.864242e-01 -5.783247e-01  7.184824e-01
   outer loop
     vertex  2.593386e+00  4.089382e+01  3.748000e+00
     vertex  1.177065e+00  4.150227e+01  4.999500e+00
     vertex  1.701871e+00  4.029813e+01  3.748000e+00
   endloop
 endfacet
 facet normal  4.003730e-01 -5.992006e-01  6.932966e-01
   outer loop
     vertex  2.593386e+00  4.089382e+01  3.748000e+00
     vertex  1.701871e+00  4.029813e+01  3.748000e+00
     vertex  2.711947e+00  3.952501e+01  2.496500e+00
   endloop
 endfacet
 facet normal  3.298163e-01 -6.467620e-01  6.876918e-01
   outer loop
     vertex  2.593386e+00  4.089382e+01  3.748000e+00
     vertex  2.566642e+00  4.200000e+01  4.801168e+00
     vertex  1.177065e+00  4.150227e+01  4.999500e+00
   endloop
 endfacet
 facet normal -0.000000e+00  7.071068e-01  7.071068e-01
   outer loop
     vertex  3.645000e+00  4.200000e+01  4.645000e+00
     vertex  3.835500e+01  4.200000e+01  4.645000e+00
     vertex  3.835500e+01  4.414850e+01  2.496500e+00
   endloop
 endfacet
 facet normal -0.000000e+00  7.071068e-01  7.071068e-01
   outer loop
     vertex  3.645000e+00  4.414850e+01  2.496500e+00
     vertex  3.645000e+00  4.200000e+01  4.645000e+00
     vertex  3.835500e+01  4.414850e+01  2.496500e+00
   endloop
 endfacet
 facet normal  1.119645e-01  9.937122e-01  0.000000e+00
   outer loop
     vertex  3.311997e+00  4.418602e+01  2.496500e+00
     vertex  3.645000e+00  4.414850e+01  2.496500e+00
     vertex  3.645000e+00  4.414850e+01  6.965002e-01
   endloop
 endfacet
 facet normal  1.119645e-01  9.937122e-01  0.000000e+00
   outer loop
     vertex  3.311997e+00  4.418602e+01  2.496500e+00
     vertex  3.645000e+00  4.414850e+01  6.965002e-01
     vertex  3.311997e+00  4.418602e+01  6.965002e-01
   endloop
 endfacet
 facet normal  3.302791e-01  9.438833e-01  0.000000e+00
   outer loop
     vertex  2.995693e+00  4.429670e+01  2.496500e+00
     vertex  3.311997e+00  4.418602e+01  6.965002e-01
     vertex  2.995693e+00  4.429670e+01  6.965002e-01
   endloop
 endfacet
 facet normal  3.302791e-01  9.438833e-01  0.000000e+00
   outer loop
     vertex  2.995693e+00  4.429670e+01  2.496500e+00
     vertex  3.311997e+00  4.418602e+01  2.496500e+00
     vertex  3.311997e+00  4.418602e+01  6.965002e-01
   endloop
 endfacet
 facet normal  5.320321e-01  8.467242e-01  0.000000e+00
   outer loop
     vertex  2.711947e+00  4.447499e+01  2.496500e+00
     vertex  2.995693e+00  4.429670e+01  6.965002e-01
     vertex  2.711947e+00  4.447499e+01  6.965002e-01
   endloop
 endfacet
 facet normal  7.071068e-01  7.071068e-01  0.000000e+00
   outer loop
     vertex  2.711947e+00  4.447499e+01  2.496500e+00
     vertex  2.711947e+00  4.447499e+01  6.965002e-01
     vertex  2.474989e+00  4.471195e+01  6.965002e-01
   endloop
 endfacet
 facet normal  5.320321e-01  8.467242e-01  0.000000e+00
   outer loop
     vertex  2.711947e+00  4.447499e+01  2.496500e+00
     vertex  2.995693e+00  4.429670e+01  2.496500e+00
     vertex  2.995693e+00  4.429670e+01  6.965002e-01
   endloop
 endfacet
 facet normal  7.071068e-01  7.071068e-01  0.000000e+00
   outer loop
     vertex  2.474989e+00  4.471195e+01  2.496500e+00
     vertex  2.711947e+00  4.447499e+01  2.496500e+00
     vertex  2.474989e+00  4.471195e+01  6.965002e-01
   endloop
 endfacet
 facet normal  8.467242e-01  5.320321e-01  0.000000e+00
   outer loop
     vertex  2.296700e+00  4.499569e+01  2.496500e+00
     vertex  2.474989e+00  4.471195e+01  6.965002e-01
     vertex  2.296700e+00  4.499569e+01  6.965002e-01
   endloop
 endfacet
 facet normal  8.467242e-01  5.320321e-01  0.000000e+00
   outer loop
     vertex  2.296700e+00  4.499569e+01  2.496500e+00
     vertex  2.474989e+00  4.471195e+01  2.496500e+00
     vertex  2.474989e+00  4.471195e+01  6.965002e-01
   endloop
 endfacet
 facet normal  9.438833e-01  3.302791e-01  0.000000e+00
   outer loop
     vertex  2.186020e+00  4.531200e+01  2.496500e+00
     vertex  2.296700e+00  4.499569e+01  6.965002e-01
     vertex  2.186020e+00  4.531200e+01  6.965002e-01
   endloop
 endfacet
 facet normal  9.937122e-01  1.119645e-01  0.000000e+00
   outer loop
     vertex  2.186020e+00  4.531200e+01  2.496500e+00
     vertex  2.186020e+00  4.531200e+01  6.965002e-01
     vertex  2.148500e+00  4.564500e+01  6.965002e-01
   endloop
 endfacet
 facet normal  9.438833e-01  3.302791e-01  0.000000e+00
   outer loop
     vertex  2.186020e+00  4.531200e+01  2.496500e+00
     vertex  2.296700e+00  4.499569e+01  2.496500e+00
     vertex  2.296700e+00  4.499569e+01  6.965002e-01
   endloop
 endfacet
 facet normal  9.937122e-01  1.119645e-01  0.000000e+00
   outer loop
     vertex  2.148500e+00  4.564500e+01  2.496500e+00
     vertex  2.186020e+00  4.531200e+01  2.496500e+00
     vertex  2.148500e+00  4.564500e+01  6.965002e-01
   endloop
 endfacet
 facet normal  7.002145e-01 -1.392813e-01  7.002145e-01
   outer loop
     vertex  1.277228e+00  8.133576e+01  3.562858e+00
     vertex  1.578427e-02  8.035500e+01  4.629216e+00
     vertex  2.148500e+00  8.035500e+01  2.496500e+00
   endloop
 endfacet
 facet normal  6.806480e-01 -8.416573e-02  7.277599e-01
   outer loop
     vertex  1.277228e+00  8.133576e+01  3.562858e+00
     vertex  2.031567e-01  8.125856e+01  4.558470e+00
     vertex  1.578427e-02  8.035500e+01  4.629216e+00
   endloop
 endfacet
 facet normal  6.645450e-01 -2.725179e-01  6.957830e-01
   outer loop
     vertex  1.277228e+00  8.133576e+01  3.562858e+00
     vertex  5.949283e-01  8.209893e+01  4.513433e+00
     vertex  2.031567e-01  8.125856e+01  4.558470e+00
   endloop
 endfacet
 facet normal  7.331662e-01 -8.260799e-02  6.750135e-01
   outer loop
     vertex  1.277228e+00  8.133576e+01  3.562858e+00
     vertex  2.148500e+00  8.035500e+01  2.496500e+00
     vertex  2.186020e+00  8.068800e+01  2.496500e+00
   endloop
 endfacet
 facet normal  6.657455e-01 -2.329544e-01  7.088831e-01
   outer loop
     vertex  1.277228e+00  8.133576e+01  3.562858e+00
     vertex  2.186020e+00  8.068800e+01  2.496500e+00
     vertex  2.296700e+00  8.100431e+01  2.496500e+00
   endloop
 endfacet
 facet normal  6.062950e-01 -3.809604e-01  6.980513e-01
   outer loop
     vertex  1.277228e+00  8.133576e+01  3.562858e+00
     vertex  2.296700e+00  8.100431e+01  2.496500e+00
     vertex  2.474989e+00  8.128805e+01  2.496500e+00
   endloop
 endfacet
 facet normal  5.643746e-01 -4.311803e-01  7.039636e-01
   outer loop
     vertex  1.832786e+00  8.216721e+01  3.562858e+00
     vertex  1.171573e+00  8.282843e+01  4.497954e+00
     vertex  5.949283e-01  8.209893e+01  4.513433e+00
   endloop
 endfacet
 facet normal  4.311803e-01 -5.643746e-01  7.039637e-01
   outer loop
     vertex  1.832786e+00  8.216721e+01  3.562858e+00
     vertex  1.901075e+00  8.340507e+01  4.513433e+00
     vertex  1.171573e+00  8.282843e+01  4.497954e+00
   endloop
 endfacet
 facet normal  4.977989e-01 -4.977989e-01  7.102060e-01
   outer loop
     vertex  1.832786e+00  8.216721e+01  3.562858e+00
     vertex  2.474989e+00  8.128805e+01  2.496500e+00
     vertex  2.711947e+00  8.152501e+01  2.496500e+00
   endloop
 endfacet
 facet normal  5.754806e-01 -3.845239e-01  7.217780e-01
   outer loop
     vertex  1.832786e+00  8.216721e+01  3.562858e+00
     vertex  5.949283e-01  8.209893e+01  4.513433e+00
     vertex  1.277228e+00  8.133576e+01  3.562858e+00
   endloop
 endfacet
 facet normal  6.001756e-01 -4.010245e-01  6.920755e-01
   outer loop
     vertex  1.832786e+00  8.216721e+01  3.562858e+00
     vertex  1.277228e+00  8.133576e+01  3.562858e+00
     vertex  2.474989e+00  8.128805e+01  2.496500e+00
   endloop
 endfacet
 facet normal  2.725179e-01 -6.645450e-01  6.957830e-01
   outer loop
     vertex  2.664237e+00  8.272277e+01  3.562858e+00
     vertex  2.741437e+00  8.379684e+01  4.558470e+00
     vertex  1.901075e+00  8.340507e+01  4.513433e+00
   endloop
 endfacet
 facet normal  8.416572e-02 -6.806480e-01  7.277599e-01
   outer loop
     vertex  2.664237e+00  8.272277e+01  3.562858e+00
     vertex  3.645000e+00  8.398422e+01  4.629216e+00
     vertex  2.741437e+00  8.379684e+01  4.558470e+00
   endloop
 endfacet
 facet normal  1.392813e-01 -7.002145e-01  7.002145e-01
   outer loop
     vertex  2.664237e+00  8.272277e+01  3.562858e+00
     vertex  3.645000e+00  8.185150e+01  2.496500e+00
     vertex  3.645000e+00  8.398422e+01  4.629216e+00
   endloop
 endfacet
 facet normal  3.809604e-01 -6.062950e-01  6.980513e-01
   outer loop
     vertex  2.664237e+00  8.272277e+01  3.562858e+00
     vertex  2.711947e+00  8.152501e+01  2.496500e+00
     vertex  2.995693e+00  8.170330e+01  2.496500e+00
   endloop
 endfacet
 facet normal  2.329544e-01 -6.657455e-01  7.088831e-01
   outer loop
     vertex  2.664237e+00  8.272277e+01  3.562858e+00
     vertex  2.995693e+00  8.170330e+01  2.496500e+00
     vertex  3.311997e+00  8.181398e+01  2.496500e+00
   endloop
 endfacet
 facet normal  8.260799e-02 -7.331662e-01  6.750135e-01
   outer loop
     vertex  2.664237e+00  8.272277e+01  3.562858e+00
     vertex  3.311997e+00  8.181398e+01  2.496500e+00
     vertex  3.645000e+00  8.185150e+01  2.496500e+00
   endloop
 endfacet
 facet normal  3.845239e-01 -5.754806e-01  7.217780e-01
   outer loop
     vertex  2.664237e+00  8.272277e+01  3.562858e+00
     vertex  1.901075e+00  8.340507e+01  4.513433e+00
     vertex  1.832786e+00  8.216721e+01  3.562858e+00
   endloop
 endfacet
 facet normal  4.010245e-01 -6.001756e-01  6.920755e-01
   outer loop
     vertex  2.664237e+00  8.272277e+01  3.562858e+00
     vertex  1.832786e+00  8.216721e+01  3.562858e+00
     vertex  2.711947e+00  8.152501e+01  2.496500e+00
   endloop
 endfacet
 facet normal  1.000000e+00  0.000000e+00  0.000000e+00
   outer loop
     vertex  2.148500e+00  8.035500e+01  2.496500e+00
     vertex  2.148500e+00  4.564500e+01  2.496500e+00
     vertex  2.148500e+00  4.564500e+01  6.965002e-01
   endloop
 endfacet
 facet normal  1.000000e+00  0.000000e+00  0.000000e+00
   outer loop
     vertex  2.148500e+00  8.035500e+01  2.496500e+00
     vertex  2.148500e+00  4.564500e+01  6.965002e-01
     vertex  2.148500e+00  8.035500e+01  6.965002e-01
   endloop
 endfacet
 facet normal -5.806601e-15 -7.071068e-01  7.071068e-01
   outer loop
     vertex  3.645000e+00  8.185150e+01  2.496500e+00
     vertex  4.000000e+00  8.400000e+01  4.645000e+00
     vertex  3.645000e+00  8.398422e+01  4.629216e+00
   endloop
 endfacet
 facet normal  0.000000e+00 -7.071068e-01  7.071068e-01
   outer loop
     vertex  3.800000e+01  8.400000e+01  4.645000e+00
     vertex  4.000000e+00  8.400000e+01  4.645000e+00
     vertex  3.645000e+00  8.185150e+01  2.496500e+00
   endloop
 endfacet
 facet normal  3.318058e-15 -7.071068e-01  7.071068e-01
   outer loop
     vertex  3.835500e+01  8.185150e+01  2.496500e+00
     vertex  3.835500e+01  8.398422e+01  4.629216e+00
     vertex  3.800000e+01  8.400000e+01  4.645000e+00
   endloop
 endfacet
 facet normal  0.000000e+00 -7.071068e-01  7.071068e-01
   outer loop
     vertex  3.835500e+01  8.185150e+01  2.496500e+00
     vertex  3.800000e+01  8.400000e+01  4.645000e+00
     vertex  3.645000e+00  8.185150e+01  2.496500e+00
   endloop
 endfacet
 facet normal  0.000000e+00  1.000000e+00  0.000000e+00
   outer loop
     vertex  3.800000e+01  8.400000e+01  4.645000e+00
     vertex  3.800000e+01  8.400000e+01  5.000000e-04
     vertex  4.000000e+00  8.400000e+01  5.000000e-04
   endloop
 endfacet
 facet normal  0.000000e+00  1.000000e+00  0.000000e+00
   outer loop
     vertex  3.800000e+01  8.400000e+01  4.645000e+00
     vertex  4.000000e+00  8.400000e+01  5.000000e-04
     vertex  4.000000e+00  8.400000e+01  4.645000e+00
   endloop
 endfacet
 facet normal  0.000000e+00 -1.000000e+00 -0.000000e+00
   outer loop
     vertex  3.800000e+01  0.000000e+00  4.645000e+00
     vertex  4.000000e+00  0.000000e+00  5.000000e-04
     vertex  3.800000e+01  0.000000e+00  5.000000e-04
   endloop
 endfacet
 facet normal -0.000000e+00 -1.000000e+00  0.000000e+00
   outer loop
     vertex  3.800000e+01  0.000000e+00  4.645000e+00
     vertex  4.000000e+00  0.000000e+00  4.645000e+00
     vertex  4.000000e+00  0.000000e+00  5.000000e-04
   endloop
 endfacet
 facet normal  9.990130e-01 -4.441884e-02  0.000000e+00
   outer loop
     vertex  4.198422e+01  3.645000e+00  4.629216e+00
     vertex  4.200000e+01  4.000000e+00  5.000000e-04
     vertex  4.200000e+01  4.000000e+00  4.645000e+00
   endloop
 endfacet
 facet normal  9.936988e-01 -1.119630e-01 -5.198428e-03
   outer loop
     vertex  4.198422e+01  3.645000e+00  4.629216e+00
     vertex  4.189971e+01  3.109916e+00  5.000000e-04
     vertex  4.200000e+01  4.000000e+00  5.000000e-04
   endloop
 endfacet
 facet normal  9.438696e-01 -3.302742e-01 -5.398219e-03
   outer loop
     vertex  4.179684e+01  2.741437e+00  4.558470e+00
     vertex  4.160388e+01  2.264465e+00  5.000000e-04
     vertex  4.189971e+01  3.109916e+00  5.000000e-04
   endloop
 endfacet
 facet normal  9.790646e-01 -2.034714e-01  5.647199e-03
   outer loop
     vertex  4.179684e+01  2.741437e+00  4.558470e+00
     vertex  4.189971e+01  3.109916e+00  5.000000e-04
     vertex  4.198422e+01  3.645000e+00  4.629216e+00
   endloop
 endfacet
 facet normal  8.467112e-01 -5.320239e-01 -5.540264e-03
   outer loop
     vertex  4.140507e+01  1.901075e+00  4.513433e+00
     vertex  4.112733e+01  1.506041e+00  5.000000e-04
     vertex  4.160388e+01  2.264465e+00  5.000000e-04
   endloop
 endfacet
 facet normal  9.062110e-01 -4.227850e-01  5.876953e-03
   outer loop
     vertex  4.140507e+01  1.901075e+00  4.513433e+00
     vertex  4.160388e+01  2.264465e+00  5.000000e-04
     vertex  4.179684e+01  2.741437e+00  4.558470e+00
   endloop
 endfacet
 facet normal  7.070957e-01 -7.070957e-01 -5.592223e-03
   outer loop
     vertex  4.082843e+01  1.171573e+00  4.497954e+00
     vertex  4.049396e+01  8.726741e-01  5.000000e-04
     vertex  4.112733e+01  1.506041e+00  5.000000e-04
   endloop
 endfacet
 facet normal  7.844288e-01 -6.201897e-01  6.010353e-03
   outer loop
     vertex  4.082843e+01  1.171573e+00  4.497954e+00
     vertex  4.112733e+01  1.506041e+00  5.000000e-04
     vertex  4.140507e+01  1.901075e+00  4.513433e+00
   endloop
 endfacet
 facet normal  5.320239e-01 -8.467112e-01 -5.540264e-03
   outer loop
     vertex  4.009893e+01  5.949283e-01  4.513433e+00
     vertex  3.973553e+01  3.961245e-01  5.000000e-04
     vertex  4.049396e+01  8.726741e-01  5.000000e-04
   endloop
 endfacet
 facet normal  6.201897e-01 -7.844288e-01  6.010352e-03
   outer loop
     vertex  4.009893e+01  5.949283e-01  4.513433e+00
     vertex  4.049396e+01  8.726741e-01  5.000000e-04
     vertex  4.082843e+01  1.171573e+00  4.497954e+00
   endloop
 endfacet
 facet normal  3.302742e-01 -9.438696e-01 -5.398219e-03
   outer loop
     vertex  3.925856e+01  2.031567e-01  4.558470e+00
     vertex  3.889008e+01  1.002884e-01  5.000000e-04
     vertex  3.973553e+01  3.961245e-01  5.000000e-04
   endloop
 endfacet
 facet normal  4.227849e-01 -9.062110e-01  5.876954e-03
   outer loop
     vertex  3.925856e+01  2.031567e-01  4.558470e+00
     vertex  3.973553e+01  3.961245e-01  5.000000e-04
     vertex  4.009893e+01  5.949283e-01  4.513433e+00
   endloop
 endfacet
 facet normal  1.119630e-01 -9.936988e-01 -5.198428e-03
   outer loop
     vertex  3.835500e+01  1.578427e-02  4.629216e+00
     vertex  3.800000e+01  0.000000e+00  5.000000e-04
     vertex  3.889008e+01  1.002884e-01  5.000000e-04
   endloop
 endfacet
 facet normal  2.034714e-01 -9.790646e-01  5.647198e-03
   outer loop
     vertex  3.835500e+01  1.578427e-02  4.629216e+00
     vertex  3.889008e+01  1.002884e-01  5.000000e-04
     vertex  3.925856e+01  2.031567e-01  4.558470e+00
   endloop
 endfacet
 facet normal  4.441884e-02 -9.990130e-01  0.000000e+00
   outer loop
     vertex  3.800000e+01  0.000000e+00  4.645000e+00
     vertex  3.800000e+01  0.000000e+00  5.000000e-04
     vertex  3.835500e+01  1.578427e-02  4.629216e+00
   endloop
 endfacet
 facet normal  9.990130e-01  4.441884e-02  0.000000e+00
   outer loop
     vertex  4.198422e+01  8.035500e+01  4.629216e+00
     vertex  4.200000e+01  8.000000e+01  4.645000e+00
     vertex  4.200000e+01  8.000000e+01  5.000000e-04
   endloop
 endfacet
 facet normal  9.936988e-01  1.119630e-01 -5.198428e-03
   outer loop
     vertex  4.198422e+01  8.035500e+01  4.629216e+00
     vertex  4.200000e+01  8.000000e+01  5.000000e-04
     vertex  4.189971e+01  8.089008e+01  5.000000e-04
   endloop
 endfacet
 facet normal  9.438696e-01  3.302742e-01 -5.398219e-03
   outer loop
     vertex  4.179684e+01  8.125856e+01  4.558470e+00
     vertex  4.189971e+01  8.089008e+01  5.000000e-04
     vertex  4.160388e+01  8.173553e+01  5.000000e-04
   endloop
 endfacet
 facet normal  9.790646e-01  2.034714e-01  5.647199e-03
   outer loop
     vertex  4.179684e+01  8.125856e+01  4.558470e+00
     vertex  4.198422e+01  8.035500e+01  4.629216e+00
     vertex  4.189971e+01  8.089008e+01  5.000000e-04
   endloop
 endfacet
 facet normal  8.467112e-01  5.320239e-01 -5.540264e-03
   outer loop
     vertex  4.140507e+01  8.209893e+01  4.513433e+00
     vertex  4.160388e+01  8.173553e+01  5.000000e-04
     vertex  4.112733e+01  8.249396e+01  5.000000e-04
   endloop
 endfacet
 facet normal  9.062110e-01  4.227850e-01  5.876953e-03
   outer loop
     vertex  4.140507e+01  8.209893e+01  4.513433e+00
     vertex  4.179684e+01  8.125856e+01  4.558470e+00
     vertex  4.160388e+01  8.173553e+01  5.000000e-04
   endloop
 endfacet
 facet normal  7.070957e-01  7.070957e-01 -5.592223e-03
   outer loop
     vertex  4.082843e+01  8.282843e+01  4.497954e+00
     vertex  4.112733e+01  8.249396e+01  5.000000e-04
     vertex  4.049396e+01  8.312733e+01  5.000000e-04
   endloop
 endfacet
 facet normal  7.844288e-01  6.201897e-01  6.010353e-03
   outer loop
     vertex  4.082843e+01  8.282843e+01  4.497954e+00
     vertex  4.140507e+01  8.209893e+01  4.513433e+00
     vertex  4.112733e+01  8.249396e+01  5.000000e-04
   endloop
 endfacet
 facet normal  5.320239e-01  8.467112e-01 -5.540264e-03
   outer loop
     vertex  4.009893e+01  8.340507e+01  4.513433e+00
     vertex  4.049396e+01  8.312733e+01  5.000000e-04
     vertex  3.973553e+01  8.360388e+01  5.000000e-04
   endloop
 endfacet
 facet normal  6.201897e-01  7.844288e-01  6.010352e-03
   outer loop
     vertex  4.009893e+01  8.340507e+01  4.513433e+00
     vertex  4.082843e+01  8.282843e+01  4.497954e+00
     vertex  4.049396e+01  8.312733e+01  5.000000e-04
   endloop
 endfacet
 facet normal  3.302742e-01  9.438696e-01 -5.398219e-03
   outer loop
     vertex  3.925856e+01  8.379684e+01  4.558470e+00
     vertex  3.973553e+01  8.360388e+01  5.000000e-04
     vertex  3.889008e+01  8.389971e+01  5.000000e-04
   endloop
 endfacet
 facet normal  4.227849e-01  9.062110e-01  5.876954e-03
   outer loop
     vertex  3.925856e+01  8.379684e+01  4.558470e+00
     vertex  4.009893e+01  8.340507e+01  4.513433e+00
     vertex  3.973553e+01  8.360388e+01  5.000000e-04
   endloop
 endfacet
 facet normal  1.119630e-01  9.936988e-01 -5.198428e-03
   outer loop
     vertex  3.835500e+01  8.398422e+01  4.629216e+00
     vertex  3.889008e+01  8.389971e+01  5.000000e-04
     vertex  3.800000e+01  8.400000e+01  5.000000e-04
   endloop
 endfacet
 facet normal  2.034714e-01  9.790646e-01  5.647198e-03
   outer loop
     vertex  3.835500e+01  8.398422e+01  4.629216e+00
     vertex  3.925856e+01  8.379684e+01  4.558470e+00
     vertex  3.889008e+01  8.389971e+01  5.000000e-04
   endloop
 endfacet
 facet normal  4.441884e-02  9.990130e-01  0.000000e+00
   outer loop
     vertex  3.800000e+01  8.400000e+01  4.645000e+00
     vertex  3.835500e+01  8.398422e+01  4.629216e+00
     vertex  3.800000e+01  8.400000e+01  5.000000e-04
   endloop
 endfacet
 facet normal  1.000000e+00  0.000000e+00  0.000000e+00
   outer loop
     vertex  4.200000e+01  4.564500e+01  4.645000e+00
     vertex  4.200000e+01  8.000000e+01  5.000000e-04
     vertex  4.200000e+01  8.000000e+01  4.645000e+00
   endloop
 endfacet
 facet normal  1.000000e+00 -0.000000e+00  0.000000e+00
   outer loop
     vertex  4.200000e+01  4.000120e+01  4.999500e+00
     vertex  4.200000e+01  4.456664e+01  4.801168e+00
     vertex  4.200000e+01  4.399880e+01  4.999500e+00
   endloop
 endfacet
 facet normal  1.000000e+00 -0.000000e+00  0.000000e+00
   outer loop
     vertex  4.200000e+01  3.924977e+01  4.753216e+00
     vertex  4.200000e+01  4.511150e+01  4.683835e+00
     vertex  4.200000e+01  4.456664e+01  4.801168e+00
   endloop
 endfacet
 facet normal  1.000000e+00  0.000000e+00  0.000000e+00
   outer loop
     vertex  4.200000e+01  3.924977e+01  4.753216e+00
     vertex  4.200000e+01  4.456664e+01  4.801168e+00
     vertex  4.200000e+01  4.000120e+01  4.999500e+00
   endloop
 endfacet
 facet normal  1.000000e+00 -0.000000e+00  0.000000e+00
   outer loop
     vertex  4.200000e+01  3.879910e+01  4.671954e+00
     vertex  4.200000e+01  4.564500e+01  4.645000e+00
     vertex  4.200000e+01  4.511150e+01  4.683835e+00
   endloop
 endfacet
 facet normal  1.000000e+00  0.000000e+00  0.000000e+00
   outer loop
     vertex  4.200000e+01  3.879910e+01  4.671954e+00
     vertex  4.200000e+01  4.511150e+01  4.683835e+00
     vertex  4.200000e+01  3.924977e+01  4.753216e+00
   endloop
 endfacet
 facet normal  1.000000e+00  0.000000e+00  0.000000e+00
   outer loop
     vertex  4.200000e+01  4.000000e+00  4.645000e+00
     vertex  4.200000e+01  4.000000e+00  5.000000e-04
     vertex  4.200000e+01  3.835500e+01  4.645000e+00
   endloop
 endfacet
 facet normal  1.000000e+00  0.000000e+00  0.000000e+00
   outer loop
     vertex  4.200000e+01  4.000000e+00  5.000000e-04
     vertex  4.200000e+01  8.000000e+01  5.000000e-04
     vertex  4.200000e+01  3.835500e+01  4.645000e+00
   endloop
 endfacet
 facet normal  1.000000e+00 -0.000000e+00  0.000000e+00
   outer loop
     vertex  4.200000e+01  3.835500e+01  4.645000e+00
     vertex  4.200000e+01  8.000000e+01  5.000000e-04
     vertex  4.200000e+01  3.879910e+01  4.671954e+00
   endloop
 endfacet
 facet normal  1.000000e+00  0.000000e+00  0.000000e+00
   outer loop
     vertex  4.200000e+01  3.879910e+01  4.671954e+00
     vertex  4.200000e+01  8.000000e+01  5.000000e-04
     vertex  4.200000e+01  4.564500e+01  4.645000e+00
   endloop
 endfacet
 facet normal  1.392813e-01  7.002145e-01  7.002145e-01
   outer loop
     vertex  3.205488e+00  2.583924e+00  3.485001e-01
     vertex  3.645000e+00  2.148500e+00  6.965002e-01
     vertex  3.645000e+00  2.844500e+00  5.000000e-04
   endloop
 endfacet
 facet normal  7.524260e-02  6.677965e-01  7.405311e-01
   outer loop
     vertex  3.205488e+00  2.583924e+00  3.485001e-01
     vertex  3.311997e+00  2.186020e+00  6.965002e-01
     vertex  3.645000e+00  2.148500e+00  6.965002e-01
   endloop
 endfacet
 facet normal  2.361075e-01  6.747564e-01  6.992546e-01
   outer loop
     vertex  3.205488e+00  2.583924e+00  3.485001e-01
     vertex  2.995693e+00  2.296700e+00  6.965002e-01
     vertex  3.311997e+00  2.186020e+00  6.965002e-01
   endloop
 endfacet
 facet normal  3.725367e-01  5.928888e-01  7.139323e-01
   outer loop
     vertex  3.205488e+00  2.583924e+00  3.485001e-01
     vertex  2.711947e+00  2.474989e+00  6.965002e-01
     vertex  2.995693e+00  2.296700e+00  6.965002e-01
   endloop
 endfacet
 facet normal  8.382504e-02  7.439678e-01  6.629368e-01
   outer loop
     vertex  3.205488e+00  2.583924e+00  3.485001e-01
     vertex  3.645000e+00  2.844500e+00  5.000000e-04
     vertex  3.466872e+00  2.864570e+00  5.000000e-04
   endloop
 endfacet
 facet normal  2.324624e-01  6.643394e-01  7.103622e-01
   outer loop
     vertex  3.205488e+00  2.583924e+00  3.485001e-01
     vertex  3.466872e+00  2.864570e+00  5.000000e-04
     vertex  3.297676e+00  2.923774e+00  5.000000e-04
   endloop
 endfacet
 facet normal  3.823018e-01  6.084298e-01  6.954556e-01
   outer loop
     vertex  3.205488e+00  2.583924e+00  3.485001e-01
     vertex  3.297676e+00  2.923774e+00  5.000000e-04
     vertex  3.145896e+00  3.019144e+00  5.000000e-04
   endloop
 endfacet
 facet normal  5.068049e-01  5.068049e-01  6.973504e-01
   outer loop
     vertex  2.832888e+00  2.832888e+00  3.485001e-01
     vertex  2.474989e+00  2.711947e+00  6.965002e-01
     vertex  2.711947e+00  2.474989e+00  6.965002e-01
   endloop
 endfacet
 facet normal  4.963972e-01  4.963972e-01  7.121654e-01
   outer loop
     vertex  2.832888e+00  2.832888e+00  3.485001e-01
     vertex  3.145896e+00  3.019144e+00  5.000000e-04
     vertex  3.019144e+00  3.145896e+00  5.000000e-04
   endloop
 endfacet
 facet normal  3.834970e-01  5.739438e-01  7.235459e-01
   outer loop
     vertex  2.832888e+00  2.832888e+00  3.485001e-01
     vertex  2.711947e+00  2.474989e+00  6.965002e-01
     vertex  3.205488e+00  2.583924e+00  3.485001e-01
   endloop
 endfacet
 facet normal  4.038502e-01  6.044045e-01  6.867315e-01
   outer loop
     vertex  2.832888e+00  2.832888e+00  3.485001e-01
     vertex  3.205488e+00  2.583924e+00  3.485001e-01
     vertex  3.145896e+00  3.019144e+00  5.000000e-04
   endloop
 endfacet
 facet normal  5.928888e-01  3.725367e-01  7.139323e-01
   outer loop
     vertex  2.583924e+00  3.205488e+00  3.485001e-01
     vertex  2.296700e+00  2.995693e+00  6.965002e-01
     vertex  2.474989e+00  2.711947e+00  6.965002e-01
   endloop
 endfacet
 facet normal  6.747564e-01  2.361075e-01  6.992546e-01
   outer loop
     vertex  2.583924e+00  3.205488e+00  3.485001e-01
     vertex  2.186020e+00  3.311997e+00  6.965002e-01
     vertex  2.296700e+00  2.995693e+00  6.965002e-01
   endloop
 endfacet
 facet normal  6.677965e-01  7.524260e-02  7.405311e-01
   outer loop
     vertex  2.583924e+00  3.205488e+00  3.485001e-01
     vertex  2.148500e+00  3.645000e+00  6.965002e-01
     vertex  2.186020e+00  3.311997e+00  6.965002e-01
   endloop
 endfacet
 facet normal  7.002145e-01  1.392813e-01  7.002145e-01
   outer loop
     vertex  2.583924e+00  3.205488e+00  3.485001e-01
     vertex  2.844500e+00  3.645000e+00  5.000000e-04
     vertex  2.148500e+00  3.645000e+00  6.965002e-01
   endloop
 endfacet
 facet normal  6.084298e-01  3.823018e-01  6.954556e-01
   outer loop
     vertex  2.583924e+00  3.205488e+00  3.485001e-01
     vertex  3.019144e+00  3.145896e+00  5.000000e-04
     vertex  2.923774e+00  3.297676e+00  5.000000e-04
   endloop
 endfacet
 facet normal  6.643394e-01  2.324624e-01  7.103622e-01
   outer loop
     vertex  2.583924e+00  3.205488e+00  3.485001e-01
     vertex  2.923774e+00  3.297676e+00  5.000000e-04
     vertex  2.864570e+00  3.466872e+00  5.000000e-04
   endloop
 endfacet
 facet normal  7.439678e-01  8.382504e-02  6.629368e-01
   outer loop
     vertex  2.583924e+00  3.205488e+00  3.485001e-01
     vertex  2.864570e+00  3.466872e+00  5.000000e-04
     vertex  2.844500e+00  3.645000e+00  5.000000e-04
   endloop
 endfacet
 facet normal  6.044045e-01  4.038502e-01  6.867315e-01
   outer loop
     vertex  2.583924e+00  3.205488e+00  3.485001e-01
     vertex  2.832888e+00  2.832888e+00  3.485001e-01
     vertex  3.019144e+00  3.145896e+00  5.000000e-04
   endloop
 endfacet
 facet normal  5.739438e-01  3.834970e-01  7.235459e-01
   outer loop
     vertex  2.583924e+00  3.205488e+00  3.485001e-01
     vertex  2.474989e+00  2.711947e+00  6.965002e-01
     vertex  2.832888e+00  2.832888e+00  3.485001e-01
   endloop
 endfacet
 facet normal  0.000000e+00  7.071068e-01  7.071068e-01
   outer loop
     vertex  3.645000e+00  2.844500e+00  5.000000e-04
     vertex  3.645000e+00  2.148500e+00  6.965002e-01
     vertex  3.835500e+01  2.148500e+00  6.965002e-01
   endloop
 endfacet
 facet normal -0.000000e+00  7.071068e-01  7.071068e-01
   outer loop
     vertex  3.645000e+00  2.844500e+00  5.000000e-04
     vertex  3.835500e+01  2.148500e+00  6.965002e-01
     vertex  3.835500e+01  2.844500e+00  5.000000e-04
   endloop
 endfacet
 facet normal -7.002145e-01  1.392813e-01  7.002145e-01
   outer loop
     vertex  3.941608e+01  3.205488e+00  3.485001e-01
     vertex  3.985150e+01  3.645000e+00  6.965002e-01
     vertex  3.915550e+01  3.645000e+00  5.000000e-04
   endloop
 endfacet
 facet normal -6.677965e-01  7.524260e-02  7.405311e-01
   outer loop
     vertex  3.941608e+01  3.205488e+00  3.485001e-01
     vertex  3.981398e+01  3.311997e+00  6.965002e-01
     vertex  3.985150e+01  3.645000e+00  6.965002e-01
   endloop
 endfacet
 facet normal -6.747564e-01  2.361075e-01  6.992546e-01
   outer loop
     vertex  3.941608e+01  3.205488e+00  3.485001e-01
     vertex  3.970330e+01  2.995693e+00  6.965002e-01
     vertex  3.981398e+01  3.311997e+00  6.965002e-01
   endloop
 endfacet
 facet normal -5.928888e-01  3.725367e-01  7.139323e-01
   outer loop
     vertex  3.941608e+01  3.205488e+00  3.485001e-01
     vertex  3.952501e+01  2.711947e+00  6.965002e-01
     vertex  3.970330e+01  2.995693e+00  6.965002e-01
   endloop
 endfacet
 facet normal -7.439678e-01  8.382504e-02  6.629368e-01
   outer loop
     vertex  3.941608e+01  3.205488e+00  3.485001e-01
     vertex  3.915550e+01  3.645000e+00  5.000000e-04
     vertex  3.913543e+01  3.466872e+00  5.000000e-04
   endloop
 endfacet
 facet normal -6.643394e-01  2.324624e-01  7.103622e-01
   outer loop
     vertex  3.941608e+01  3.205488e+00  3.485001e-01
     vertex  3.913543e+01  3.466872e+00  5.000000e-04
     vertex  3.907623e+01  3.297676e+00  5.000000e-04
   endloop
 endfacet
 facet normal -6.084298e-01  3.823018e-01  6.954556e-01
   outer loop
     vertex  3.941608e+01  3.205488e+00  3.485001e-01
     vertex  3.907623e+01  3.297676e+00  5.000000e-04
     vertex  3.898086e+01  3.145896e+00  5.000000e-04
   endloop
 endfacet
 facet normal -5.068049e-01  5.068049e-01  6.973504e-01
   outer loop
     vertex  3.916711e+01  2.832888e+00  3.485001e-01
     vertex  3.928805e+01  2.474989e+00  6.965002e-01
     vertex  3.952501e+01  2.711947e+00  6.965002e-01
   endloop
 endfacet
 facet normal -4.963972e-01  4.963972e-01  7.121654e-01
   outer loop
     vertex  3.916711e+01  2.832888e+00  3.485001e-01
     vertex  3.898086e+01  3.145896e+00  5.000000e-04
     vertex  3.885410e+01  3.019144e+00  5.000000e-04
   endloop
 endfacet
 facet normal -5.739438e-01  3.834970e-01  7.235459e-01
   outer loop
     vertex  3.916711e+01  2.832888e+00  3.485001e-01
     vertex  3.952501e+01  2.711947e+00  6.965002e-01
     vertex  3.941608e+01  3.205488e+00  3.485001e-01
   endloop
 endfacet
 facet normal -6.044045e-01  4.038502e-01  6.867315e-01
   outer loop
     vertex  3.916711e+01  2.832888e+00  3.485001e-01
     vertex  3.941608e+01  3.205488e+00  3.485001e-01
     vertex  3.898086e+01  3.145896e+00  5.000000e-04
   endloop
 endfacet
 facet normal -3.725367e-01  5.928888e-01  7.139323e-01
   outer loop
     vertex  3.879451e+01  2.583924e+00  3.485001e-01
     vertex  3.900431e+01  2.296700e+00  6.965002e-01
     vertex  3.928805e+01  2.474989e+00  6.965002e-01
   endloop
 endfacet
 facet normal -2.361075e-01  6.747564e-01  6.992546e-01
   outer loop
     vertex  3.879451e+01  2.583924e+00  3.485001e-01
     vertex  3.868800e+01  2.186020e+00  6.965002e-01
     vertex  3.900431e+01  2.296700e+00  6.965002e-01
   endloop
 endfacet
 facet normal -7.524260e-02  6.677965e-01  7.405311e-01
   outer loop
     vertex  3.879451e+01  2.583924e+00  3.485001e-01
     vertex  3.835500e+01  2.148500e+00  6.965002e-01
     vertex  3.868800e+01  2.186020e+00  6.965002e-01
   endloop
 endfacet
 facet normal -1.392813e-01  7.002145e-01  7.002145e-01
   outer loop
     vertex  3.879451e+01  2.583924e+00  3.485001e-01
     vertex  3.835500e+01  2.844500e+00  5.000000e-04
     vertex  3.835500e+01  2.148500e+00  6.965002e-01
   endloop
 endfacet
 facet normal -3.823018e-01  6.084298e-01  6.954556e-01
   outer loop
     vertex  3.879451e+01  2.583924e+00  3.485001e-01
     vertex  3.885410e+01  3.019144e+00  5.000000e-04
     vertex  3.870232e+01  2.923774e+00  5.000000e-04
   endloop
 endfacet
 facet normal -2.324624e-01  6.643394e-01  7.103622e-01
   outer loop
     vertex  3.879451e+01  2.583924e+00  3.485001e-01
     vertex  3.870232e+01  2.923774e+00  5.000000e-04
     vertex  3.853313e+01  2.864570e+00  5.000000e-04
   endloop
 endfacet
 facet normal -8.382504e-02  7.439678e-01  6.629368e-01
   outer loop
     vertex  3.879451e+01  2.583924e+00  3.485001e-01
     vertex  3.853313e+01  2.864570e+00  5.000000e-04
     vertex  3.835500e+01  2.844500e+00  5.000000e-04
   endloop
 endfacet
 facet normal -4.038502e-01  6.044045e-01  6.867315e-01
   outer loop
     vertex  3.879451e+01  2.583924e+00  3.485001e-01
     vertex  3.916711e+01  2.832888e+00  3.485001e-01
     vertex  3.885410e+01  3.019144e+00  5.000000e-04
   endloop
 endfacet
 facet normal -3.834970e-01  5.739438e-01  7.235459e-01
   outer loop
     vertex  3.879451e+01  2.583924e+00  3.485001e-01
     vertex  3.928805e+01  2.474989e+00  6.965002e-01
     vertex  3.916711e+01  2.832888e+00  3.485001e-01
   endloop
 endfacet
 facet normal -7.071068e-01  7.237534e-17  7.071068e-01
   outer loop
     vertex  3.985150e+01  3.645000e+00  6.965002e-01
     vertex  3.985150e+01  3.835500e+01  6.965002e-01
     vertex  3.915550e+01  3.835500e+01  5.000000e-04
   endloop
 endfacet
 facet normal -7.071068e-01  0.000000e+00  7.071068e-01
   outer loop
     vertex  3.915550e+01  3.645000e+00  5.000000e-04
     vertex  3.985150e+01  3.645000e+00  6.965002e-01
     vertex  3.915550e+01  3.835500e+01  5.000000e-04
   endloop
 endfacet
 facet normal -1.392813e-01 -7.002145e-01  7.002145e-01
   outer loop
     vertex  3.879451e+01  3.941608e+01  3.485001e-01
     vertex  3.835500e+01  3.985150e+01  6.965002e-01
     vertex  3.835500e+01  3.915550e+01  5.000000e-04
   endloop
 endfacet
 facet normal -7.524260e-02 -6.677965e-01  7.405311e-01
   outer loop
     vertex  3.879451e+01  3.941608e+01  3.485001e-01
     vertex  3.868800e+01  3.981398e+01  6.965002e-01
     vertex  3.835500e+01  3.985150e+01  6.965002e-01
   endloop
 endfacet
 facet normal -2.361075e-01 -6.747564e-01  6.992546e-01
   outer loop
     vertex  3.879451e+01  3.941608e+01  3.485001e-01
     vertex  3.900431e+01  3.970330e+01  6.965002e-01
     vertex  3.868800e+01  3.981398e+01  6.965002e-01
   endloop
 endfacet
 facet normal -3.725367e-01 -5.928888e-01  7.139323e-01
   outer loop
     vertex  3.879451e+01  3.941608e+01  3.485001e-01
     vertex  3.928805e+01  3.952501e+01  6.965002e-01
     vertex  3.900431e+01  3.970330e+01  6.965002e-01
   endloop
 endfacet
 facet normal -8.382504e-02 -7.439678e-01  6.629368e-01
   outer loop
     vertex  3.879451e+01  3.941608e+01  3.485001e-01
     vertex  3.835500e+01  3.915550e+01  5.000000e-04
     vertex  3.853313e+01  3.913543e+01  5.000000e-04
   endloop
 endfacet
 facet normal -2.324624e-01 -6.643394e-01  7.103622e-01
   outer loop
     vertex  3.879451e+01  3.941608e+01  3.485001e-01
     vertex  3.853313e+01  3.913543e+01  5.000000e-04
     vertex  3.870232e+01  3.907623e+01  5.000000e-04
   endloop
 endfacet
 facet normal -3.823018e-01 -6.084298e-01  6.954556e-01
   outer loop
     vertex  3.879451e+01  3.941608e+01  3.485001e-01
     vertex  3.870232e+01  3.907623e+01  5.000000e-04
     vertex  3.885410e+01  3.898086e+01  5.000000e-04
   endloop
 endfacet
 facet normal -5.068049e-01 -5.068049e-01  6.973504e-01
   outer loop
     vertex  3.916711e+01  3.916711e+01  3.485001e-01
     vertex  3.952501e+01  3.928805e+01  6.965002e-01
     vertex  3.928805e+01  3.952501e+01  6.965002e-01
   endloop
 endfacet
 facet normal -4.963972e-01 -4.963972e-01  7.121654e-01
   outer loop
     vertex  3.916711e+01  3.916711e+01  3.485001e-01
     vertex  3.885410e+01  3.898086e+01  5.000000e-04
     vertex  3.898086e+01  3.885410e+01  5.000000e-04
   endloop
 endfacet
 facet normal -3.834970e-01 -5.739438e-01  7.235459e-01
   outer loop
     vertex  3.916711e+01  3.916711e+01  3.485001e-01
     vertex  3.928805e+01  3.952501e+01  6.965002e-01
     vertex  3.879451e+01  3.941608e+01  3.485001e-01
   endloop
 endfacet
 facet normal -4.038502e-01 -6.044045e-01  6.867315e-01
   outer loop
     vertex  3.916711e+01  3.916711e+01  3.485001e-01
     vertex  3.879451e+01  3.941608e+01  3.485001e-01
     vertex  3.885410e+01  3.898086e+01  5.000000e-04
   endloop
 endfacet
 facet normal -5.928888e-01 -3.725367e-01  7.139323e-01
   outer loop
     vertex  3.941608e+01  3.879451e+01  3.485001e-01
     vertex  3.970330e+01  3.900431e+01  6.965002e-01
     vertex  3.952501e+01  3.928805e+01  6.965002e-01
   endloop
 endfacet
 facet normal -6.747564e-01 -2.361075e-01  6.992546e-01
   outer loop
     vertex  3.941608e+01  3.879451e+01  3.485001e-01
     vertex  3.981398e+01  3.868800e+01  6.965002e-01
     vertex  3.970330e+01  3.900431e+01  6.965002e-01
   endloop
 endfacet
 facet normal -6.677965e-01 -7.524260e-02  7.405311e-01
   outer loop
     vertex  3.941608e+01  3.879451e+01  3.485001e-01
     vertex  3.985150e+01  3.835500e+01  6.965002e-01
     vertex  3.981398e+01  3.868800e+01  6.965002e-01
   endloop
 endfacet
 facet normal -7.002145e-01 -1.392813e-01  7.002145e-01
   outer loop
     vertex  3.941608e+01  3.879451e+01  3.485001e-01
     vertex  3.915550e+01  3.835500e+01  5.000000e-04
     vertex  3.985150e+01  3.835500e+01  6.965002e-01
   endloop
 endfacet
 facet normal -6.084298e-01 -3.823018e-01  6.954556e-01
   outer loop
     vertex  3.941608e+01  3.879451e+01  3.485001e-01
     vertex  3.898086e+01  3.885410e+01  5.000000e-04
     vertex  3.907623e+01  3.870232e+01  5.000000e-04
   endloop
 endfacet
 facet normal -6.643394e-01 -2.324624e-01  7.103622e-01
   outer loop
     vertex  3.941608e+01  3.879451e+01  3.485001e-01
     vertex  3.907623e+01  3.870232e+01  5.000000e-04
     vertex  3.913543e+01  3.853313e+01  5.000000e-04
   endloop
 endfacet
 facet normal -7.439678e-01 -8.382504e-02  6.629368e-01
   outer loop
     vertex  3.941608e+01  3.879451e+01  3.485001e-01
     vertex  3.913543e+01  3.853313e+01  5.000000e-04
     vertex  3.915550e+01  3.835500e+01  5.000000e-04
   endloop
 endfacet
 facet normal -6.044045e-01 -4.038502e-01  6.867315e-01
   outer loop
     vertex  3.941608e+01  3.879451e+01  3.485001e-01
     vertex  3.916711e+01  3.916711e+01  3.485001e-01
     vertex  3.898086e+01  3.885410e+01  5.000000e-04
   endloop
 endfacet
 facet normal -5.739438e-01 -3.834970e-01  7.235459e-01
   outer loop
     vertex  3.941608e+01  3.879451e+01  3.485001e-01
     vertex  3.952501e+01  3.928805e+01  6.965002e-01
     vertex  3.916711e+01  3.916711e+01  3.485001e-01
   endloop
 endfacet
 facet normal  0.000000e+00 -7.071068e-01  7.071068e-01
   outer loop
     vertex  3.835500e+01  3.915550e+01  5.000000e-04
     vertex  3.835500e+01  3.985150e+01  6.965002e-01
     vertex  3.645000e+00  3.985150e+01  6.965002e-01
   endloop
 endfacet
 facet normal  0.000000e+00 -7.071068e-01  7.071068e-01
   outer loop
     vertex  3.835500e+01  3.915550e+01  5.000000e-04
     vertex  3.645000e+00  3.985150e+01  6.965002e-01
     vertex  3.645000e+00  3.915550e+01  5.000000e-04
   endloop
 endfacet
 facet normal  7.002145e-01 -1.392813e-01  7.002145e-01
   outer loop
     vertex  2.583924e+00  3.879451e+01  3.485001e-01
     vertex  2.148500e+00  3.835500e+01  6.965002e-01
     vertex  2.844500e+00  3.835500e+01  5.000000e-04
   endloop
 endfacet
 facet normal  6.677965e-01 -7.524260e-02  7.405311e-01
   outer loop
     vertex  2.583924e+00  3.879451e+01  3.485001e-01
     vertex  2.186020e+00  3.868800e+01  6.965002e-01
     vertex  2.148500e+00  3.835500e+01  6.965002e-01
   endloop
 endfacet
 facet normal  6.747564e-01 -2.361075e-01  6.992546e-01
   outer loop
     vertex  2.583924e+00  3.879451e+01  3.485001e-01
     vertex  2.296700e+00  3.900431e+01  6.965002e-01
     vertex  2.186020e+00  3.868800e+01  6.965002e-01
   endloop
 endfacet
 facet normal  5.928888e-01 -3.725367e-01  7.139323e-01
   outer loop
     vertex  2.583924e+00  3.879451e+01  3.485001e-01
     vertex  2.474989e+00  3.928805e+01  6.965002e-01
     vertex  2.296700e+00  3.900431e+01  6.965002e-01
   endloop
 endfacet
 facet normal  7.439678e-01 -8.382504e-02  6.629368e-01
   outer loop
     vertex  2.583924e+00  3.879451e+01  3.485001e-01
     vertex  2.844500e+00  3.835500e+01  5.000000e-04
     vertex  2.864570e+00  3.853313e+01  5.000000e-04
   endloop
 endfacet
 facet normal  6.643394e-01 -2.324624e-01  7.103622e-01
   outer loop
     vertex  2.583924e+00  3.879451e+01  3.485001e-01
     vertex  2.864570e+00  3.853313e+01  5.000000e-04
     vertex  2.923774e+00  3.870232e+01  5.000000e-04
   endloop
 endfacet
 facet normal  6.084298e-01 -3.823018e-01  6.954556e-01
   outer loop
     vertex  2.583924e+00  3.879451e+01  3.485001e-01
     vertex  2.923774e+00  3.870232e+01  5.000000e-04
     vertex  3.019144e+00  3.885410e+01  5.000000e-04
   endloop
 endfacet
 facet normal  5.068049e-01 -5.068049e-01  6.973504e-01
   outer loop
     vertex  2.832888e+00  3.916711e+01  3.485001e-01
     vertex  2.711947e+00  3.952501e+01  6.965002e-01
     vertex  2.474989e+00  3.928805e+01  6.965002e-01
   endloop
 endfacet
 facet normal  4.963972e-01 -4.963972e-01  7.121654e-01
   outer loop
     vertex  2.832888e+00  3.916711e+01  3.485001e-01
     vertex  3.019144e+00  3.885410e+01  5.000000e-04
     vertex  3.145896e+00  3.898086e+01  5.000000e-04
   endloop
 endfacet
 facet normal  5.739438e-01 -3.834970e-01  7.235459e-01
   outer loop
     vertex  2.832888e+00  3.916711e+01  3.485001e-01
     vertex  2.474989e+00  3.928805e+01  6.965002e-01
     vertex  2.583924e+00  3.879451e+01  3.485001e-01
   endloop
 endfacet
 facet normal  6.044045e-01 -4.038502e-01  6.867315e-01
   outer loop
     vertex  2.832888e+00  3.916711e+01  3.485001e-01
     vertex  2.583924e+00  3.879451e+01  3.485001e-01
     vertex  3.019144e+00  3.885410e+01  5.000000e-04
   endloop
 endfacet
 facet normal  3.725367e-01 -5.928888e-01  7.139323e-01
   outer loop
     vertex  3.205488e+00  3.941608e+01  3.485001e-01
     vertex  2.995693e+00  3.970330e+01  6.965002e-01
     vertex  2.711947e+00  3.952501e+01  6.965002e-01
   endloop
 endfacet
 facet normal  2.361075e-01 -6.747564e-01  6.992546e-01
   outer loop
     vertex  3.205488e+00  3.941608e+01  3.485001e-01
     vertex  3.311997e+00  3.981398e+01  6.965002e-01
     vertex  2.995693e+00  3.970330e+01  6.965002e-01
   endloop
 endfacet
 facet normal  7.524260e-02 -6.677965e-01  7.405311e-01
   outer loop
     vertex  3.205488e+00  3.941608e+01  3.485001e-01
     vertex  3.645000e+00  3.985150e+01  6.965002e-01
     vertex  3.311997e+00  3.981398e+01  6.965002e-01
   endloop
 endfacet
 facet normal  1.392813e-01 -7.002145e-01  7.002145e-01
   outer loop
     vertex  3.205488e+00  3.941608e+01  3.485001e-01
     vertex  3.645000e+00  3.915550e+01  5.000000e-04
     vertex  3.645000e+00  3.985150e+01  6.965002e-01
   endloop
 endfacet
 facet normal  3.823018e-01 -6.084298e-01  6.954556e-01
   outer loop
     vertex  3.205488e+00  3.941608e+01  3.485001e-01
     vertex  3.145896e+00  3.898086e+01  5.000000e-04
     vertex  3.297676e+00  3.907623e+01  5.000000e-04
   endloop
 endfacet
 facet normal  2.324624e-01 -6.643394e-01  7.103622e-01
   outer loop
     vertex  3.205488e+00  3.941608e+01  3.485001e-01
     vertex  3.297676e+00  3.907623e+01  5.000000e-04
     vertex  3.466872e+00  3.913543e+01  5.000000e-04
   endloop
 endfacet
 facet normal  8.382504e-02 -7.439678e-01  6.629368e-01
   outer loop
     vertex  3.205488e+00  3.941608e+01  3.485001e-01
     vertex  3.466872e+00  3.913543e+01  5.000000e-04
     vertex  3.645000e+00  3.915550e+01  5.000000e-04
   endloop
 endfacet
 facet normal  4.038502e-01 -6.044045e-01  6.867315e-01
   outer loop
     vertex  3.205488e+00  3.941608e+01  3.485001e-01
     vertex  2.832888e+00  3.916711e+01  3.485001e-01
     vertex  3.145896e+00  3.898086e+01  5.000000e-04
   endloop
 endfacet
 facet normal  3.834970e-01 -5.739438e-01  7.235459e-01
   outer loop
     vertex  3.205488e+00  3.941608e+01  3.485001e-01
     vertex  2.711947e+00  3.952501e+01  6.965002e-01
     vertex  2.832888e+00  3.916711e+01  3.485001e-01
   endloop
 endfacet
 facet normal  7.071068e-01  7.311623e-17  7.071068e-01
   outer loop
     vertex  2.844500e+00  3.835500e+01  5.000000e-04
     vertex  2.148500e+00  3.835500e+01  6.965002e-01
     vertex  2.148500e+00  3.645000e+00  6.965002e-01
   endloop
 endfacet
 facet normal  7.071068e-01  7.237534e-17  7.071068e-01
   outer loop
     vertex  2.844500e+00  3.835500e+01  5.000000e-04
     vertex  2.148500e+00  3.645000e+00  6.965002e-01
     vertex  2.844500e+00  3.645000e+00  5.000000e-04
   endloop
 endfacet
 facet normal -7.071068e-01  7.237534e-17  7.071068e-01
   outer loop
     vertex  3.985150e+01  4.564500e+01  6.965002e-01
     vertex  3.985150e+01  8.035500e+01  6.965002e-01
     vertex  3.915550e+01  8.035500e+01  5.000000e-04
   endloop
 endfacet
 facet normal -7.071068e-01  0.000000e+00  7.071068e-01
   outer loop
     vertex  3.915550e+01  4.564500e+01  5.000000e-04
     vertex  3.985150e+01  4.564500e+01  6.965002e-01
     vertex  3.915550e+01  8.035500e+01  5.000000e-04
   endloop
 endfacet
 facet normal -1.392813e-01 -7.002145e-01  7.002145e-01
   outer loop
     vertex  3.879451e+01  8.141608e+01  3.485001e-01
     vertex  3.835500e+01  8.185150e+01  6.965002e-01
     vertex  3.835500e+01  8.115550e+01  5.000000e-04
   endloop
 endfacet
 facet normal -7.524260e-02 -6.677965e-01  7.405311e-01
   outer loop
     vertex  3.879451e+01  8.141608e+01  3.485001e-01
     vertex  3.868800e+01  8.181398e+01  6.965002e-01
     vertex  3.835500e+01  8.185150e+01  6.965002e-01
   endloop
 endfacet
 facet normal -2.361075e-01 -6.747564e-01  6.992546e-01
   outer loop
     vertex  3.879451e+01  8.141608e+01  3.485001e-01
     vertex  3.900431e+01  8.170330e+01  6.965002e-01
     vertex  3.868800e+01  8.181398e+01  6.965002e-01
   endloop
 endfacet
 facet normal -3.725367e-01 -5.928888e-01  7.139323e-01
   outer loop
     vertex  3.879451e+01  8.141608e+01  3.485001e-01
     vertex  3.928805e+01  8.152501e+01  6.965002e-01
     vertex  3.900431e+01  8.170330e+01  6.965002e-01
   endloop
 endfacet
 facet normal -8.382504e-02 -7.439678e-01  6.629368e-01
   outer loop
     vertex  3.879451e+01  8.141608e+01  3.485001e-01
     vertex  3.835500e+01  8.115550e+01  5.000000e-04
     vertex  3.853313e+01  8.113543e+01  5.000000e-04
   endloop
 endfacet
 facet normal -2.324624e-01 -6.643394e-01  7.103622e-01
   outer loop
     vertex  3.879451e+01  8.141608e+01  3.485001e-01
     vertex  3.853313e+01  8.113543e+01  5.000000e-04
     vertex  3.870232e+01  8.107623e+01  5.000000e-04
   endloop
 endfacet
 facet normal -3.823018e-01 -6.084298e-01  6.954556e-01
   outer loop
     vertex  3.879451e+01  8.141608e+01  3.485001e-01
     vertex  3.870232e+01  8.107623e+01  5.000000e-04
     vertex  3.885410e+01  8.098086e+01  5.000000e-04
   endloop
 endfacet
 facet normal -5.068049e-01 -5.068049e-01  6.973504e-01
   outer loop
     vertex  3.916711e+01  8.116711e+01  3.485001e-01
     vertex  3.952501e+01  8.128805e+01  6.965002e-01
     vertex  3.928805e+01  8.152501e+01  6.965002e-01
   endloop
 endfacet
 facet normal -4.963972e-01 -4.963972e-01  7.121654e-01
   outer loop
     vertex  3.916711e+01  8.116711e+01  3.485001e-01
     vertex  3.885410e+01  8.098086e+01  5.000000e-04
     vertex  3.898086e+01  8.085410e+01  5.000000e-04
   endloop
 endfacet
 facet normal -3.834970e-01 -5.739438e-01  7.235459e-01
   outer loop
     vertex  3.916711e+01  8.116711e+01  3.485001e-01
     vertex  3.928805e+01  8.152501e+01  6.965002e-01
     vertex  3.879451e+01  8.141608e+01  3.485001e-01
   endloop
 endfacet
 facet normal -4.038502e-01 -6.044045e-01  6.867315e-01
   outer loop
     vertex  3.916711e+01  8.116711e+01  3.485001e-01
     vertex  3.879451e+01  8.141608e+01  3.485001e-01
     vertex  3.885410e+01  8.098086e+01  5.000000e-04
   endloop
 endfacet
 facet normal -5.928888e-01 -3.725367e-01  7.139323e-01
   outer loop
     vertex  3.941608e+01  8.079451e+01  3.485001e-01
     vertex  3.970330e+01  8.100431e+01  6.965002e-01
     vertex  3.952501e+01  8.128805e+01  6.965002e-01
   endloop
 endfacet
 facet normal -6.747564e-01 -2.361075e-01  6.992546e-01
   outer loop
     vertex  3.941608e+01  8.079451e+01  3.485001e-01
     vertex  3.981398e+01  8.068800e+01  6.965002e-01
     vertex  3.970330e+01  8.100431e+01  6.965002e-01
   endloop
 endfacet
 facet normal -6.677965e-01 -7.524260e-02  7.405311e-01
   outer loop
     vertex  3.941608e+01  8.079451e+01  3.485001e-01
     vertex  3.985150e+01  8.035500e+01  6.965002e-01
     vertex  3.981398e+01  8.068800e+01  6.965002e-01
   endloop
 endfacet
 facet normal -7.002145e-01 -1.392813e-01  7.002145e-01
   outer loop
     vertex  3.941608e+01  8.079451e+01  3.485001e-01
     vertex  3.915550e+01  8.035500e+01  5.000000e-04
     vertex  3.985150e+01  8.035500e+01  6.965002e-01
   endloop
 endfacet
 facet normal -6.084298e-01 -3.823018e-01  6.954556e-01
   outer loop
     vertex  3.941608e+01  8.079451e+01  3.485001e-01
     vertex  3.898086e+01  8.085410e+01  5.000000e-04
     vertex  3.907623e+01  8.070232e+01  5.000000e-04
   endloop
 endfacet
 facet normal -6.643394e-01 -2.324624e-01  7.103622e-01
   outer loop
     vertex  3.941608e+01  8.079451e+01  3.485001e-01
     vertex  3.907623e+01  8.070232e+01  5.000000e-04
     vertex  3.913543e+01  8.053313e+01  5.000000e-04
   endloop
 endfacet
 facet normal -7.439678e-01 -8.382504e-02  6.629368e-01
   outer loop
     vertex  3.941608e+01  8.079451e+01  3.485001e-01
     vertex  3.913543e+01  8.053313e+01  5.000000e-04
     vertex  3.915550e+01  8.035500e+01  5.000000e-04
   endloop
 endfacet
 facet normal -6.044045e-01 -4.038502e-01  6.867315e-01
   outer loop
     vertex  3.941608e+01  8.079451e+01  3.485001e-01
     vertex  3.916711e+01  8.116711e+01  3.485001e-01
     vertex  3.898086e+01  8.085410e+01  5.000000e-04
   endloop
 endfacet
 facet normal -5.739438e-01 -3.834970e-01  7.235459e-01
   outer loop
     vertex  3.941608e+01  8.079451e+01  3.485001e-01
     vertex  3.952501e+01  8.128805e+01  6.965002e-01
     vertex  3.916711e+01  8.116711e+01  3.485001e-01
   endloop
 endfacet
 facet normal  0.000000e+00 -7.071068e-01  7.071068e-01
   outer loop
     vertex  3.835500e+01  8.115550e+01  5.000000e-04
     vertex  3.835500e+01  8.185150e+01  6.965002e-01
     vertex  3.645000e+00  8.185150e+01  6.965002e-01
   endloop
 endfacet
 facet normal  0.000000e+00 -7.071068e-01  7.071068e-01
   outer loop
     vertex  3.835500e+01  8.115550e+01  5.000000e-04
     vertex  3.645000e+00  8.185150e+01  6.965002e-01
     vertex  3.645000e+00  8.115550e+01  5.000000e-04
   endloop
 endfacet
 facet normal  7.002145e-01 -1.392813e-01  7.002145e-01
   outer loop
     vertex  2.583924e+00  8.079451e+01  3.485001e-01
     vertex  2.148500e+00  8.035500e+01  6.965002e-01
     vertex  2.844500e+00  8.035500e+01  5.000000e-04
   endloop
 endfacet
 facet normal  6.677965e-01 -7.524260e-02  7.405311e-01
   outer loop
     vertex  2.583924e+00  8.079451e+01  3.485001e-01
     vertex  2.186020e+00  8.068800e+01  6.965002e-01
     vertex  2.148500e+00  8.035500e+01  6.965002e-01
   endloop
 endfacet
 facet normal  6.747564e-01 -2.361075e-01  6.992546e-01
   outer loop
     vertex  2.583924e+00  8.079451e+01  3.485001e-01
     vertex  2.296700e+00  8.100431e+01  6.965002e-01
     vertex  2.186020e+00  8.068800e+01  6.965002e-01
   endloop
 endfacet
 facet normal  5.928888e-01 -3.725367e-01  7.139323e-01
   outer loop
     vertex  2.583924e+00  8.079451e+01  3.485001e-01
     vertex  2.474989e+00  8.128805e+01  6.965002e-01
     vertex  2.296700e+00  8.100431e+01  6.965002e-01
   endloop
 endfacet
 facet normal  7.439678e-01 -8.382504e-02  6.629368e-01
   outer loop
     vertex  2.583924e+00  8.079451e+01  3.485001e-01
     vertex  2.844500e+00  8.035500e+01  5.000000e-04
     vertex  2.864570e+00  8.053313e+01  5.000000e-04
   endloop
 endfacet
 facet normal  6.643394e-01 -2.324624e-01  7.103622e-01
   outer loop
     vertex  2.583924e+00  8.079451e+01  3.485001e-01
     vertex  2.864570e+00  8.053313e+01  5.000000e-04
     vertex  2.923774e+00  8.070232e+01  5.000000e-04
   endloop
 endfacet
 facet normal  6.084298e-01 -3.823018e-01  6.954556e-01
   outer loop
     vertex  2.583924e+00  8.079451e+01  3.485001e-01
     vertex  2.923774e+00  8.070232e+01  5.000000e-04
     vertex  3.019144e+00  8.085410e+01  5.000000e-04
   endloop
 endfacet
 facet normal  5.068049e-01 -5.068049e-01  6.973504e-01
   outer loop
     vertex  2.832888e+00  8.116711e+01  3.485001e-01
     vertex  2.711947e+00  8.152501e+01  6.965002e-01
     vertex  2.474989e+00  8.128805e+01  6.965002e-01
   endloop
 endfacet
 facet normal  4.963972e-01 -4.963972e-01  7.121654e-01
   outer loop
     vertex  2.832888e+00  8.116711e+01  3.485001e-01
     vertex  3.019144e+00  8.085410e+01  5.000000e-04
     vertex  3.145896e+00  8.098086e+01  5.000000e-04
   endloop
 endfacet
 facet normal  5.739438e-01 -3.834970e-01  7.235459e-01
   outer loop
     vertex  2.832888e+00  8.116711e+01  3.485001e-01
     vertex  2.474989e+00  8.128805e+01  6.965002e-01
     vertex  2.583924e+00  8.079451e+01  3.485001e-01
   endloop
 endfacet
 facet normal  6.044045e-01 -4.038502e-01  6.867315e-01
   outer loop
     vertex  2.832888e+00  8.116711e+01  3.485001e-01
     vertex  2.583924e+00  8.079451e+01  3.485001e-01
     vertex  3.019144e+00  8.085410e+01  5.000000e-04
   endloop
 endfacet
 facet normal  3.725367e-01 -5.928888e-01  7.139323e-01
   outer loop
     vertex  3.205488e+00  8.141608e+01  3.485001e-01
     vertex  2.995693e+00  8.170330e+01  6.965002e-01
     vertex  2.711947e+00  8.152501e+01  6.965002e-01
   endloop
 endfacet
 facet normal  2.361075e-01 -6.747564e-01  6.992546e-01
   outer loop
     vertex  3.205488e+00  8.141608e+01  3.485001e-01
     vertex  3.311997e+00  8.181398e+01  6.965002e-01
     vertex  2.995693e+00  8.170330e+01  6.965002e-01
   endloop
 endfacet
 facet normal  7.524260e-02 -6.677965e-01  7.405311e-01
   outer loop
     vertex  3.205488e+00  8.141608e+01  3.485001e-01
     vertex  3.645000e+00  8.185150e+01  6.965002e-01
     vertex  3.311997e+00  8.181398e+01  6.965002e-01
   endloop
 endfacet
 facet normal  1.392813e-01 -7.002145e-01  7.002145e-01
   outer loop
     vertex  3.205488e+00  8.141608e+01  3.485001e-01
     vertex  3.645000e+00  8.115550e+01  5.000000e-04
     vertex  3.645000e+00  8.185150e+01  6.965002e-01
   endloop
 endfacet
 facet normal  3.823018e-01 -6.084298e-01  6.954556e-01
   outer loop
     vertex  3.205488e+00  8.141608e+01  3.485001e-01
     vertex  3.145896e+00  8.098086e+01  5.000000e-04
     vertex  3.297676e+00  8.107623e+01  5.000000e-04
   endloop
 endfacet
 facet normal  2.324624e-01 -6.643394e-01  7.103622e-01
   outer loop
     vertex  3.205488e+00  8.141608e+01  3.485001e-01
     vertex  3.297676e+00  8.107623e+01  5.000000e-04
     vertex  3.466872e+00  8.113543e+01  5.000000e-04
   endloop
 endfacet
 facet normal  8.382504e-02 -7.439678e-01  6.629368e-01
   outer loop
     vertex  3.205488e+00  8.141608e+01  3.485001e-01
     vertex  3.466872e+00  8.113543e+01  5.000000e-04
     vertex  3.645000e+00  8.115550e+01  5.000000e-04
   endloop
 endfacet
 facet normal  4.038502e-01 -6.044045e-01  6.867315e-01
   outer loop
     vertex  3.205488e+00  8.141608e+01  3.485001e-01
     vertex  2.832888e+00  8.116711e+01  3.485001e-01
     vertex  3.145896e+00  8.098086e+01  5.000000e-04
   endloop
 endfacet
 facet normal  3.834970e-01 -5.739438e-01  7.235459e-01
   outer loop
     vertex  3.205488e+00  8.141608e+01  3.485001e-01
     vertex  2.711947e+00  8.152501e+01  6.965002e-01
     vertex  2.832888e+00  8.116711e+01  3.485001e-01
   endloop
 endfacet
 facet normal  7.071068e-01  7.311623e-17  7.071068e-01
   outer loop
     vertex  2.844500e+00  8.035500e+01  5.000000e-04
     vertex  2.148500e+00  8.035500e+01  6.965002e-01
     vertex  2.148500e+00  4.564500e+01  6.965002e-01
   endloop
 endfacet
 facet normal  7.071068e-01  7.237534e-17  7.071068e-01
   outer loop
     vertex  2.844500e+00  8.035500e+01  5.000000e-04
     vertex  2.148500e+00  4.564500e+01  6.965002e-01
     vertex  2.844500e+00  4.564500e+01  5.000000e-04
   endloop
 endfacet
 facet normal  1.392813e-01  7.002145e-01  7.002145e-01
   outer loop
     vertex  3.205488e+00  4.458392e+01  3.485001e-01
     vertex  3.645000e+00  4.414850e+01  6.965002e-01
     vertex  3.645000e+00  4.484450e+01  5.000000e-04
   endloop
 endfacet
 facet normal  7.524260e-02  6.677965e-01  7.405311e-01
   outer loop
     vertex  3.205488e+00  4.458392e+01  3.485001e-01
     vertex  3.311997e+00  4.418602e+01  6.965002e-01
     vertex  3.645000e+00  4.414850e+01  6.965002e-01
   endloop
 endfacet
 facet normal  2.361075e-01  6.747564e-01  6.992546e-01
   outer loop
     vertex  3.205488e+00  4.458392e+01  3.485001e-01
     vertex  2.995693e+00  4.429670e+01  6.965002e-01
     vertex  3.311997e+00  4.418602e+01  6.965002e-01
   endloop
 endfacet
 facet normal  3.725367e-01  5.928888e-01  7.139323e-01
   outer loop
     vertex  3.205488e+00  4.458392e+01  3.485001e-01
     vertex  2.711947e+00  4.447499e+01  6.965002e-01
     vertex  2.995693e+00  4.429670e+01  6.965002e-01
   endloop
 endfacet
 facet normal  8.382504e-02  7.439678e-01  6.629368e-01
   outer loop
     vertex  3.205488e+00  4.458392e+01  3.485001e-01
     vertex  3.645000e+00  4.484450e+01  5.000000e-04
     vertex  3.466872e+00  4.486457e+01  5.000000e-04
   endloop
 endfacet
 facet normal  2.324624e-01  6.643394e-01  7.103622e-01
   outer loop
     vertex  3.205488e+00  4.458392e+01  3.485001e-01
     vertex  3.466872e+00  4.486457e+01  5.000000e-04
     vertex  3.297676e+00  4.492377e+01  5.000000e-04
   endloop
 endfacet
 facet normal  3.823018e-01  6.084298e-01  6.954556e-01
   outer loop
     vertex  3.205488e+00  4.458392e+01  3.485001e-01
     vertex  3.297676e+00  4.492377e+01  5.000000e-04
     vertex  3.145896e+00  4.501914e+01  5.000000e-04
   endloop
 endfacet
 facet normal  5.068049e-01  5.068049e-01  6.973504e-01
   outer loop
     vertex  2.832888e+00  4.483289e+01  3.485001e-01
     vertex  2.474989e+00  4.471195e+01  6.965002e-01
     vertex  2.711947e+00  4.447499e+01  6.965002e-01
   endloop
 endfacet
 facet normal  4.963972e-01  4.963972e-01  7.121654e-01
   outer loop
     vertex  2.832888e+00  4.483289e+01  3.485001e-01
     vertex  3.145896e+00  4.501914e+01  5.000000e-04
     vertex  3.019144e+00  4.514590e+01  5.000000e-04
   endloop
 endfacet
 facet normal  3.834970e-01  5.739438e-01  7.235459e-01
   outer loop
     vertex  2.832888e+00  4.483289e+01  3.485001e-01
     vertex  2.711947e+00  4.447499e+01  6.965002e-01
     vertex  3.205488e+00  4.458392e+01  3.485001e-01
   endloop
 endfacet
 facet normal  4.038502e-01  6.044045e-01  6.867315e-01
   outer loop
     vertex  2.832888e+00  4.483289e+01  3.485001e-01
     vertex  3.205488e+00  4.458392e+01  3.485001e-01
     vertex  3.145896e+00  4.501914e+01  5.000000e-04
   endloop
 endfacet
 facet normal  5.928888e-01  3.725367e-01  7.139323e-01
   outer loop
     vertex  2.583924e+00  4.520549e+01  3.485001e-01
     vertex  2.296700e+00  4.499569e+01  6.965002e-01
     vertex  2.474989e+00  4.471195e+01  6.965002e-01
   endloop
 endfacet
 facet normal  6.747564e-01  2.361075e-01  6.992546e-01
   outer loop
     vertex  2.583924e+00  4.520549e+01  3.485001e-01
     vertex  2.186020e+00  4.531200e+01  6.965002e-01
     vertex  2.296700e+00  4.499569e+01  6.965002e-01
   endloop
 endfacet
 facet normal  6.677965e-01  7.524260e-02  7.405311e-01
   outer loop
     vertex  2.583924e+00  4.520549e+01  3.485001e-01
     vertex  2.148500e+00  4.564500e+01  6.965002e-01
     vertex  2.186020e+00  4.531200e+01  6.965002e-01
   endloop
 endfacet
 facet normal  7.002145e-01  1.392813e-01  7.002145e-01
   outer loop
     vertex  2.583924e+00  4.520549e+01  3.485001e-01
     vertex  2.844500e+00  4.564500e+01  5.000000e-04
     vertex  2.148500e+00  4.564500e+01  6.965002e-01
   endloop
 endfacet
 facet normal  6.084298e-01  3.823018e-01  6.954556e-01
   outer loop
     vertex  2.583924e+00  4.520549e+01  3.485001e-01
     vertex  3.019144e+00  4.514590e+01  5.000000e-04
     vertex  2.923774e+00  4.529768e+01  5.000000e-04
   endloop
 endfacet
 facet normal  6.643394e-01  2.324624e-01  7.103622e-01
   outer loop
     vertex  2.583924e+00  4.520549e+01  3.485001e-01
     vertex  2.923774e+00  4.529768e+01  5.000000e-04
     vertex  2.864570e+00  4.546687e+01  5.000000e-04
   endloop
 endfacet
 facet normal  7.439678e-01  8.382504e-02  6.629368e-01
   outer loop
     vertex  2.583924e+00  4.520549e+01  3.485001e-01
     vertex  2.864570e+00  4.546687e+01  5.000000e-04
     vertex  2.844500e+00  4.564500e+01  5.000000e-04
   endloop
 endfacet
 facet normal  6.044045e-01  4.038502e-01  6.867315e-01
   outer loop
     vertex  2.583924e+00  4.520549e+01  3.485001e-01
     vertex  2.832888e+00  4.483289e+01  3.485001e-01
     vertex  3.019144e+00  4.514590e+01  5.000000e-04
   endloop
 endfacet
 facet normal  5.739438e-01  3.834970e-01  7.235459e-01
   outer loop
     vertex  2.583924e+00  4.520549e+01  3.485001e-01
     vertex  2.474989e+00  4.471195e+01  6.965002e-01
     vertex  2.832888e+00  4.483289e+01  3.485001e-01
   endloop
 endfacet
 facet normal  0.000000e+00  7.071068e-01  7.071068e-01
   outer loop
     vertex  3.645000e+00  4.484450e+01  5.000000e-04
     vertex  3.645000e+00  4.414850e+01  6.965002e-01
     vertex  3.835500e+01  4.414850e+01  6.965002e-01
   endloop
 endfacet
 facet normal -0.000000e+00  7.071068e-01  7.071068e-01
   outer loop
     vertex  3.645000e+00  4.484450e+01  5.000000e-04
     vertex  3.835500e+01  4.414850e+01  6.965002e-01
     vertex  3.835500e+01  4.484450e+01  5.000000e-04
   endloop
 endfacet
 facet normal -7.002145e-01  1.392813e-01  7.002145e-01
   outer loop
     vertex  3.941608e+01  4.520549e+01  3.485001e-01
     vertex  3.985150e+01  4.564500e+01  6.965002e-01
     vertex  3.915550e+01  4.564500e+01  5.000000e-04
   endloop
 endfacet
 facet normal -6.677965e-01  7.524260e-02  7.405311e-01
   outer loop
     vertex  3.941608e+01  4.520549e+01  3.485001e-01
     vertex  3.981398e+01  4.531200e+01  6.965002e-01
     vertex  3.985150e+01  4.564500e+01  6.965002e-01
   endloop
 endfacet
 facet normal -6.747564e-01  2.361075e-01  6.992546e-01
   outer loop
     vertex  3.941608e+01  4.520549e+01  3.485001e-01
     vertex  3.970330e+01  4.499569e+01  6.965002e-01
     vertex  3.981398e+01  4.531200e+01  6.965002e-01
   endloop
 endfacet
 facet normal -5.928888e-01  3.725367e-01  7.139323e-01
   outer loop
     vertex  3.941608e+01  4.520549e+01  3.485001e-01
     vertex  3.952501e+01  4.471195e+01  6.965002e-01
     vertex  3.970330e+01  4.499569e+01  6.965002e-01
   endloop
 endfacet
 facet normal -7.439678e-01  8.382504e-02  6.629368e-01
   outer loop
     vertex  3.941608e+01  4.520549e+01  3.485001e-01
     vertex  3.915550e+01  4.564500e+01  5.000000e-04
     vertex  3.913543e+01  4.546687e+01  5.000000e-04
   endloop
 endfacet
 facet normal -6.643394e-01  2.324624e-01  7.103622e-01
   outer loop
     vertex  3.941608e+01  4.520549e+01  3.485001e-01
     vertex  3.913543e+01  4.546687e+01  5.000000e-04
     vertex  3.907623e+01  4.529768e+01  5.000000e-04
   endloop
 endfacet
 facet normal -6.084298e-01  3.823018e-01  6.954556e-01
   outer loop
     vertex  3.941608e+01  4.520549e+01  3.485001e-01
     vertex  3.907623e+01  4.529768e+01  5.000000e-04
     vertex  3.898086e+01  4.514590e+01  5.000000e-04
   endloop
 endfacet
 facet normal -5.068049e-01  5.068049e-01  6.973504e-01
   outer loop
     vertex  3.916711e+01  4.483289e+01  3.485001e-01
     vertex  3.928805e+01  4.447499e+01  6.965002e-01
     vertex  3.952501e+01  4.471195e+01  6.965002e-01
   endloop
 endfacet
 facet normal -4.963972e-01  4.963972e-01  7.121654e-01
   outer loop
     vertex  3.916711e+01  4.483289e+01  3.485001e-01
     vertex  3.898086e+01  4.514590e+01  5.000000e-04
     vertex  3.885410e+01  4.501914e+01  5.000000e-04
   endloop
 endfacet
 facet normal -5.739438e-01  3.834970e-01  7.235459e-01
   outer loop
     vertex  3.916711e+01  4.483289e+01  3.485001e-01
     vertex  3.952501e+01  4.471195e+01  6.965002e-01
     vertex  3.941608e+01  4.520549e+01  3.485001e-01
   endloop
 endfacet
 facet normal -6.044045e-01  4.038502e-01  6.867315e-01
   outer loop
     vertex  3.916711e+01  4.483289e+01  3.485001e-01
     vertex  3.941608e+01  4.520549e+01  3.485001e-01
     vertex  3.898086e+01  4.514590e+01  5.000000e-04
   endloop
 endfacet
 facet normal -3.725367e-01  5.928888e-01  7.139323e-01
   outer loop
     vertex  3.879451e+01  4.458392e+01  3.485001e-01
     vertex  3.900431e+01  4.429670e+01  6.965002e-01
     vertex  3.928805e+01  4.447499e+01  6.965002e-01
   endloop
 endfacet
 facet normal -2.361075e-01  6.747564e-01  6.992546e-01
   outer loop
     vertex  3.879451e+01  4.458392e+01  3.485001e-01
     vertex  3.868800e+01  4.418602e+01  6.965002e-01
     vertex  3.900431e+01  4.429670e+01  6.965002e-01
   endloop
 endfacet
 facet normal -7.524260e-02  6.677965e-01  7.405311e-01
   outer loop
     vertex  3.879451e+01  4.458392e+01  3.485001e-01
     vertex  3.835500e+01  4.414850e+01  6.965002e-01
     vertex  3.868800e+01  4.418602e+01  6.965002e-01
   endloop
 endfacet
 facet normal -1.392813e-01  7.002145e-01  7.002145e-01
   outer loop
     vertex  3.879451e+01  4.458392e+01  3.485001e-01
     vertex  3.835500e+01  4.484450e+01  5.000000e-04
     vertex  3.835500e+01  4.414850e+01  6.965002e-01
   endloop
 endfacet
 facet normal -3.823018e-01  6.084298e-01  6.954556e-01
   outer loop
     vertex  3.879451e+01  4.458392e+01  3.485001e-01
     vertex  3.885410e+01  4.501914e+01  5.000000e-04
     vertex  3.870232e+01  4.492377e+01  5.000000e-04
   endloop
 endfacet
 facet normal -2.324624e-01  6.643394e-01  7.103622e-01
   outer loop
     vertex  3.879451e+01  4.458392e+01  3.485001e-01
     vertex  3.870232e+01  4.492377e+01  5.000000e-04
     vertex  3.853313e+01  4.486457e+01  5.000000e-04
   endloop
 endfacet
 facet normal -8.382504e-02  7.439678e-01  6.629368e-01
   outer loop
     vertex  3.879451e+01  4.458392e+01  3.485001e-01
     vertex  3.853313e+01  4.486457e+01  5.000000e-04
     vertex  3.835500e+01  4.484450e+01  5.000000e-04
   endloop
 endfacet
 facet normal -4.038502e-01  6.044045e-01  6.867315e-01
   outer loop
     vertex  3.879451e+01  4.458392e+01  3.485001e-01
     vertex  3.916711e+01  4.483289e+01  3.485001e-01
     vertex  3.885410e+01  4.501914e+01  5.000000e-04
   endloop
 endfacet
 facet normal -3.834970e-01  5.739438e-01  7.235459e-01
   outer loop
     vertex  3.879451e+01  4.458392e+01  3.485001e-01
     vertex  3.928805e+01  4.447499e+01  6.965002e-01
     vertex  3.916711e+01  4.483289e+01  3.485001e-01
   endloop
 endfacet
 facet normal  1.392813e-01  7.002145e-01  7.002145e-01
   outer loop
     vertex  2.664237e+00  1.277228e+00  3.562858e+00
     vertex  3.645000e+00  1.578427e-02  4.629216e+00
     vertex  3.645000e+00  2.148500e+00  2.496500e+00
   endloop
 endfacet
 facet normal  2.725179e-01  6.645450e-01  6.957830e-01
   outer loop
     vertex  2.664237e+00  1.277228e+00  3.562858e+00
     vertex  1.901075e+00  5.949283e-01  4.513433e+00
     vertex  2.741437e+00  2.031567e-01  4.558470e+00
   endloop
 endfacet
 facet normal  8.416572e-02  6.806480e-01  7.277599e-01
   outer loop
     vertex  2.664237e+00  1.277228e+00  3.562858e+00
     vertex  2.741437e+00  2.031567e-01  4.558470e+00
     vertex  3.645000e+00  1.578427e-02  4.629216e+00
   endloop
 endfacet
 facet normal  8.260799e-02  7.331662e-01  6.750135e-01
   outer loop
     vertex  2.664237e+00  1.277228e+00  3.562858e+00
     vertex  3.645000e+00  2.148500e+00  2.496500e+00
     vertex  3.311997e+00  2.186020e+00  2.496500e+00
   endloop
 endfacet
 facet normal  2.329544e-01  6.657455e-01  7.088831e-01
   outer loop
     vertex  2.664237e+00  1.277228e+00  3.562858e+00
     vertex  3.311997e+00  2.186020e+00  2.496500e+00
     vertex  2.995693e+00  2.296700e+00  2.496500e+00
   endloop
 endfacet
 facet normal  3.809604e-01  6.062950e-01  6.980513e-01
   outer loop
     vertex  2.664237e+00  1.277228e+00  3.562858e+00
     vertex  2.995693e+00  2.296700e+00  2.496500e+00
     vertex  2.711947e+00  2.474989e+00  2.496500e+00
   endloop
 endfacet
 facet normal  5.643746e-01  4.311803e-01  7.039636e-01
   outer loop
     vertex  1.832786e+00  1.832786e+00  3.562858e+00
     vertex  5.949283e-01  1.901075e+00  4.513433e+00
     vertex  1.171573e+00  1.171573e+00  4.497954e+00
   endloop
 endfacet
 facet normal  4.311803e-01  5.643746e-01  7.039637e-01
   outer loop
     vertex  1.832786e+00  1.832786e+00  3.562858e+00
     vertex  1.171573e+00  1.171573e+00  4.497954e+00
     vertex  1.901075e+00  5.949283e-01  4.513433e+00
   endloop
 endfacet
 facet normal  4.977989e-01  4.977989e-01  7.102060e-01
   outer loop
     vertex  1.832786e+00  1.832786e+00  3.562858e+00
     vertex  2.711947e+00  2.474989e+00  2.496500e+00
     vertex  2.474989e+00  2.711947e+00  2.496500e+00
   endloop
 endfacet
 facet normal  3.845239e-01  5.754806e-01  7.217780e-01
   outer loop
     vertex  1.832786e+00  1.832786e+00  3.562858e+00
     vertex  1.901075e+00  5.949283e-01  4.513433e+00
     vertex  2.664237e+00  1.277228e+00  3.562858e+00
   endloop
 endfacet
 facet normal  4.010245e-01  6.001756e-01  6.920755e-01
   outer loop
     vertex  1.832786e+00  1.832786e+00  3.562858e+00
     vertex  2.664237e+00  1.277228e+00  3.562858e+00
     vertex  2.711947e+00  2.474989e+00  2.496500e+00
   endloop
 endfacet
 facet normal  6.806480e-01  8.416573e-02  7.277599e-01
   outer loop
     vertex  1.277228e+00  2.664237e+00  3.562858e+00
     vertex  1.578427e-02  3.645000e+00  4.629216e+00
     vertex  2.031567e-01  2.741437e+00  4.558470e+00
   endloop
 endfacet
 facet normal  6.645450e-01  2.725179e-01  6.957830e-01
   outer loop
     vertex  1.277228e+00  2.664237e+00  3.562858e+00
     vertex  2.031567e-01  2.741437e+00  4.558470e+00
     vertex  5.949283e-01  1.901075e+00  4.513433e+00
   endloop
 endfacet
 facet normal  7.002145e-01  1.392813e-01  7.002145e-01
   outer loop
     vertex  1.277228e+00  2.664237e+00  3.562858e+00
     vertex  2.148500e+00  3.645000e+00  2.496500e+00
     vertex  1.578427e-02  3.645000e+00  4.629216e+00
   endloop
 endfacet
 facet normal  6.062950e-01  3.809604e-01  6.980513e-01
   outer loop
     vertex  1.277228e+00  2.664237e+00  3.562858e+00
     vertex  2.474989e+00  2.711947e+00  2.496500e+00
     vertex  2.296700e+00  2.995693e+00  2.496500e+00
   endloop
 endfacet
 facet normal  6.657455e-01  2.329544e-01  7.088831e-01
   outer loop
     vertex  1.277228e+00  2.664237e+00  3.562858e+00
     vertex  2.296700e+00  2.995693e+00  2.496500e+00
     vertex  2.186020e+00  3.311997e+00  2.496500e+00
   endloop
 endfacet
 facet normal  7.331662e-01  8.260799e-02  6.750135e-01
   outer loop
     vertex  1.277228e+00  2.664237e+00  3.562858e+00
     vertex  2.186020e+00  3.311997e+00  2.496500e+00
     vertex  2.148500e+00  3.645000e+00  2.496500e+00
   endloop
 endfacet
 facet normal  6.001756e-01  4.010245e-01  6.920755e-01
   outer loop
     vertex  1.277228e+00  2.664237e+00  3.562858e+00
     vertex  1.832786e+00  1.832786e+00  3.562858e+00
     vertex  2.474989e+00  2.711947e+00  2.496500e+00
   endloop
 endfacet
 facet normal  5.754806e-01  3.845239e-01  7.217780e-01
   outer loop
     vertex  1.277228e+00  2.664237e+00  3.562858e+00
     vertex  5.949283e-01  1.901075e+00  4.513433e+00
     vertex  1.832786e+00  1.832786e+00  3.562858e+00
   endloop
 endfacet
 facet normal -8.295144e-16  7.071068e-01  7.071068e-01
   outer loop
     vertex  3.835500e+01  2.148500e+00  2.496500e+00
     vertex  3.800000e+01  0.000000e+00  4.645000e+00
     vertex  3.835500e+01  1.578427e-02  4.629216e+00
   endloop
 endfacet
 facet normal  1.659029e-15  7.071068e-01  7.071068e-01
   outer loop
     vertex  3.645000e+00  2.148500e+00  2.496500e+00
     vertex  3.645000e+00  1.578427e-02  4.629216e+00
     vertex  4.000000e+00  0.000000e+00  4.645000e+00
   endloop
 endfacet
 facet normal  0.000000e+00  7.071068e-01  7.071068e-01
   outer loop
     vertex  3.645000e+00  2.148500e+00  2.496500e+00
     vertex  4.000000e+00  0.000000e+00  4.645000e+00
     vertex  3.800000e+01  0.000000e+00  4.645000e+00
   endloop
 endfacet
 facet normal -0.000000e+00  7.071068e-01  7.071068e-01
   outer loop
     vertex  3.645000e+00  2.148500e+00  2.496500e+00
     vertex  3.800000e+01  0.000000e+00  4.645000e+00
     vertex  3.835500e+01  2.148500e+00  2.496500e+00
   endloop
 endfacet
 facet normal  1.000000e+00  0.000000e+00  0.000000e+00
   outer loop
     vertex  2.148500e+00  3.835500e+01  2.496500e+00
     vertex  2.148500e+00  3.645000e+00  2.496500e+00
     vertex  2.148500e+00  3.645000e+00  6.965002e-01
   endloop
 endfacet
 facet normal  1.000000e+00  0.000000e+00  0.000000e+00
   outer loop
     vertex  2.148500e+00  3.835500e+01  2.496500e+00
     vertex  2.148500e+00  3.645000e+00  6.965002e-01
     vertex  2.148500e+00  3.835500e+01  6.965002e-01
   endloop
 endfacet
 facet normal  9.937122e-01 -1.119645e-01  0.000000e+00
   outer loop
     vertex  2.186020e+00  3.868800e+01  2.496500e+00
     vertex  2.148500e+00  3.835500e+01  2.496500e+00
     vertex  2.148500e+00  3.835500e+01  6.965002e-01
   endloop
 endfacet
 facet normal  9.937122e-01 -1.119645e-01  0.000000e+00
   outer loop
     vertex  2.186020e+00  3.868800e+01  2.496500e+00
     vertex  2.148500e+00  3.835500e+01  6.965002e-01
     vertex  2.186020e+00  3.868800e+01  6.965002e-01
   endloop
 endfacet
 facet normal  9.438833e-01 -3.302791e-01  0.000000e+00
   outer loop
     vertex  2.296700e+00  3.900431e+01  2.496500e+00
     vertex  2.186020e+00  3.868800e+01  6.965002e-01
     vertex  2.296700e+00  3.900431e+01  6.965002e-01
   endloop
 endfacet
 facet normal  9.438833e-01 -3.302791e-01  0.000000e+00
   outer loop
     vertex  2.296700e+00  3.900431e+01  2.496500e+00
     vertex  2.186020e+00  3.868800e+01  2.496500e+00
     vertex  2.186020e+00  3.868800e+01  6.965002e-01
   endloop
 endfacet
 facet normal  8.467242e-01 -5.320321e-01  0.000000e+00
   outer loop
     vertex  2.474989e+00  3.928805e+01  2.496500e+00
     vertex  2.296700e+00  3.900431e+01  6.965002e-01
     vertex  2.474989e+00  3.928805e+01  6.965002e-01
   endloop
 endfacet
 facet normal  8.467242e-01 -5.320321e-01  0.000000e+00
   outer loop
     vertex  2.474989e+00  3.928805e+01  2.496500e+00
     vertex  2.296700e+00  3.900431e+01  2.496500e+00
     vertex  2.296700e+00  3.900431e+01  6.965002e-01
   endloop
 endfacet
 facet normal  7.071068e-01 -7.071068e-01  0.000000e+00
   outer loop
     vertex  2.711947e+00  3.952501e+01  2.496500e+00
     vertex  2.474989e+00  3.928805e+01  6.965002e-01
     vertex  2.711947e+00  3.952501e+01  6.965002e-01
   endloop
 endfacet
 facet normal  5.320321e-01 -8.467242e-01  0.000000e+00
   outer loop
     vertex  2.711947e+00  3.952501e+01  2.496500e+00
     vertex  2.711947e+00  3.952501e+01  6.965002e-01
     vertex  2.995693e+00  3.970330e+01  6.965002e-01
   endloop
 endfacet
 facet normal  7.071068e-01 -7.071068e-01  0.000000e+00
   outer loop
     vertex  2.711947e+00  3.952501e+01  2.496500e+00
     vertex  2.474989e+00  3.928805e+01  2.496500e+00
     vertex  2.474989e+00  3.928805e+01  6.965002e-01
   endloop
 endfacet
 facet normal  5.320321e-01 -8.467242e-01  0.000000e+00
   outer loop
     vertex  2.995693e+00  3.970330e+01  2.496500e+00
     vertex  2.711947e+00  3.952501e+01  2.496500e+00
     vertex  2.995693e+00  3.970330e+01  6.965002e-01
   endloop
 endfacet
 facet normal  3.302791e-01 -9.438833e-01  0.000000e+00
   outer loop
     vertex  3.311997e+00  3.981398e+01  2.496500e+00
     vertex  2.995693e+00  3.970330e+01  6.965002e-01
     vertex  3.311997e+00  3.981398e+01  6.965002e-01
   endloop
 endfacet
 facet normal  3.302791e-01 -9.438833e-01  0.000000e+00
   outer loop
     vertex  3.311997e+00  3.981398e+01  2.496500e+00
     vertex  2.995693e+00  3.970330e+01  2.496500e+00
     vertex  2.995693e+00  3.970330e+01  6.965002e-01
   endloop
 endfacet
 facet normal  1.119645e-01 -9.937122e-01  0.000000e+00
   outer loop
     vertex  3.645000e+00  3.985150e+01  2.496500e+00
     vertex  3.311997e+00  3.981398e+01  6.965002e-01
     vertex  3.645000e+00  3.985150e+01  6.965002e-01
   endloop
 endfacet
 facet normal  1.119645e-01 -9.937122e-01  0.000000e+00
   outer loop
     vertex  3.645000e+00  3.985150e+01  2.496500e+00
     vertex  3.311997e+00  3.981398e+01  2.496500e+00
     vertex  3.311997e+00  3.981398e+01  6.965002e-01
   endloop
 endfacet
 facet normal  0.000000e+00 -7.071068e-01  7.071068e-01
   outer loop
     vertex  3.835500e+01  3.985150e+01  2.496500e+00
     vertex  3.835500e+01  4.200000e+01  4.645000e+00
     vertex  3.645000e+00  4.200000e+01  4.645000e+00
   endloop
 endfacet
 facet normal  0.000000e+00 -7.071068e-01  7.071068e-01
   outer loop
     vertex  3.835500e+01  3.985150e+01  2.496500e+00
     vertex  3.645000e+00  4.200000e+01  4.645000e+00
     vertex  3.645000e+00  3.985150e+01  2.496500e+00
   endloop
 endfacet
 facet normal -0.000000e+00  1.000000e+00  0.000000e+00
   outer loop
     vertex  3.645000e+00  4.414850e+01  2.496500e+00
     vertex  3.835500e+01  4.414850e+01  2.496500e+00
     vertex  3.835500e+01  4.414850e+01  6.965002e-01
   endloop
 endfacet
 facet normal  0.000000e+00  1.000000e+00  0.000000e+00
   outer loop
     vertex  3.645000e+00  4.414850e+01  2.496500e+00
     vertex  3.835500e+01  4.414850e+01  6.965002e-01
     vertex  3.645000e+00  4.414850e+01  6.965002e-01
   endloop
 endfacet
 facet normal -4.781277e-01  2.896061e-01  8.291696e-01
   outer loop
     vertex  4.150227e+01  4.317706e+01  4.999500e+00
     vertex  4.200000e+01  4.399880e+01  4.999500e+00
     vertex  4.200000e+01  4.456664e+01  4.801168e+00
   endloop
 endfacet
 facet normal -7.002145e-01  1.392813e-01  7.002145e-01
   outer loop
     vertex  4.089382e+01  4.459339e+01  3.748000e+00
     vertex  4.200000e+01  4.564500e+01  4.645000e+00
     vertex  3.985150e+01  4.564500e+01  2.496500e+00
   endloop
 endfacet
 facet normal -6.596872e-01  5.456325e-02  7.495570e-01
   outer loop
     vertex  4.089382e+01  4.459339e+01  3.748000e+00
     vertex  4.200000e+01  4.511150e+01  4.683835e+00
     vertex  4.200000e+01  4.564500e+01  4.645000e+00
   endloop
 endfacet
 facet normal -6.792997e-01  1.544913e-01  7.174150e-01
   outer loop
     vertex  4.089382e+01  4.459339e+01  3.748000e+00
     vertex  4.200000e+01  4.456664e+01  4.801168e+00
     vertex  4.200000e+01  4.511150e+01  4.683835e+00
   endloop
 endfacet
 facet normal -7.306835e-01  8.232826e-02  6.777342e-01
   outer loop
     vertex  4.089382e+01  4.459339e+01  3.748000e+00
     vertex  3.985150e+01  4.564500e+01  2.496500e+00
     vertex  3.981398e+01  4.531200e+01  2.496500e+00
   endloop
 endfacet
 facet normal -6.660713e-01  2.330684e-01  7.085394e-01
   outer loop
     vertex  4.089382e+01  4.459339e+01  3.748000e+00
     vertex  3.981398e+01  4.531200e+01  2.496500e+00
     vertex  3.970330e+01  4.499569e+01  2.496500e+00
   endloop
 endfacet
 facet normal -6.058018e-01  3.806505e-01  6.986482e-01
   outer loop
     vertex  4.089382e+01  4.459339e+01  3.748000e+00
     vertex  3.970330e+01  4.499569e+01  2.496500e+00
     vertex  3.952501e+01  4.471195e+01  2.496500e+00
   endloop
 endfacet
 facet normal -6.467620e-01  3.298163e-01  6.876918e-01
   outer loop
     vertex  4.089382e+01  4.459339e+01  3.748000e+00
     vertex  4.150227e+01  4.317706e+01  4.999500e+00
     vertex  4.200000e+01  4.456664e+01  4.801168e+00
   endloop
 endfacet
 facet normal -5.058164e-01  5.058164e-01  6.987843e-01
   outer loop
     vertex  4.029813e+01  4.370187e+01  3.748000e+00
     vertex  4.082294e+01  4.249773e+01  4.999500e+00
     vertex  4.150227e+01  4.317706e+01  4.999500e+00
   endloop
 endfacet
 facet normal -4.981239e-01  4.981239e-01  7.097501e-01
   outer loop
     vertex  4.029813e+01  4.370187e+01  3.748000e+00
     vertex  3.952501e+01  4.471195e+01  2.496500e+00
     vertex  3.928805e+01  4.447499e+01  2.496500e+00
   endloop
 endfacet
 facet normal -5.783247e-01  3.864242e-01  7.184824e-01
   outer loop
     vertex  4.029813e+01  4.370187e+01  3.748000e+00
     vertex  4.150227e+01  4.317706e+01  4.999500e+00
     vertex  4.089382e+01  4.459339e+01  3.748000e+00
   endloop
 endfacet
 facet normal -5.992006e-01  4.003730e-01  6.932966e-01
   outer loop
     vertex  4.029813e+01  4.370187e+01  3.748000e+00
     vertex  4.089382e+01  4.459339e+01  3.748000e+00
     vertex  3.952501e+01  4.471195e+01  2.496500e+00
   endloop
 endfacet
 facet normal -3.659449e-01  6.041600e-01  7.078665e-01
   outer loop
     vertex  3.940661e+01  4.310618e+01  3.748000e+00
     vertex  4.000120e+01  4.200000e+01  4.999500e+00
     vertex  4.082294e+01  4.249773e+01  4.999500e+00
   endloop
 endfacet
 facet normal -2.306149e-01  6.721054e-01  7.036271e-01
   outer loop
     vertex  3.940661e+01  4.310618e+01  3.748000e+00
     vertex  3.924977e+01  4.200000e+01  4.753216e+00
     vertex  4.000120e+01  4.200000e+01  4.999500e+00
   endloop
 endfacet
 facet normal -1.306275e-01  6.768442e-01  7.244435e-01
   outer loop
     vertex  3.940661e+01  4.310618e+01  3.748000e+00
     vertex  3.879910e+01  4.200000e+01  4.671954e+00
     vertex  3.924977e+01  4.200000e+01  4.753216e+00
   endloop
 endfacet
 facet normal -4.577423e-02  6.550763e-01  7.541749e-01
   outer loop
     vertex  3.940661e+01  4.310618e+01  3.748000e+00
     vertex  3.835500e+01  4.200000e+01  4.645000e+00
     vertex  3.879910e+01  4.200000e+01  4.671954e+00
   endloop
 endfacet
 facet normal -1.392813e-01  7.002145e-01  7.002145e-01
   outer loop
     vertex  3.940661e+01  4.310618e+01  3.748000e+00
     vertex  3.835500e+01  4.414850e+01  2.496500e+00
     vertex  3.835500e+01  4.200000e+01  4.645000e+00
   endloop
 endfacet
 facet normal -3.806505e-01  6.058018e-01  6.986482e-01
   outer loop
     vertex  3.940661e+01  4.310618e+01  3.748000e+00
     vertex  3.928805e+01  4.447499e+01  2.496500e+00
     vertex  3.900431e+01  4.429670e+01  2.496500e+00
   endloop
 endfacet
 facet normal -2.330684e-01  6.660713e-01  7.085394e-01
   outer loop
     vertex  3.940661e+01  4.310618e+01  3.748000e+00
     vertex  3.900431e+01  4.429670e+01  2.496500e+00
     vertex  3.868800e+01  4.418602e+01  2.496500e+00
   endloop
 endfacet
 facet normal -8.232826e-02  7.306835e-01  6.777342e-01
   outer loop
     vertex  3.940661e+01  4.310618e+01  3.748000e+00
     vertex  3.868800e+01  4.418602e+01  2.496500e+00
     vertex  3.835500e+01  4.414850e+01  2.496500e+00
   endloop
 endfacet
 facet normal -3.864242e-01  5.783247e-01  7.184824e-01
   outer loop
     vertex  3.940661e+01  4.310618e+01  3.748000e+00
     vertex  4.082294e+01  4.249773e+01  4.999500e+00
     vertex  4.029813e+01  4.370187e+01  3.748000e+00
   endloop
 endfacet
 facet normal -4.003730e-01  5.992006e-01  6.932966e-01
   outer loop
     vertex  3.940661e+01  4.310618e+01  3.748000e+00
     vertex  4.029813e+01  4.370187e+01  3.748000e+00
     vertex  3.928805e+01  4.447499e+01  2.496500e+00
   endloop
 endfacet
 facet normal  9.937122e-01 -1.119645e-01  0.000000e+00
   outer loop
     vertex  2.186020e+00  8.068800e+01  2.496500e+00
     vertex  2.148500e+00  8.035500e+01  2.496500e+00
     vertex  2.148500e+00  8.035500e+01  6.965002e-01
   endloop
 endfacet
 facet normal  9.937122e-01 -1.119645e-01  0.000000e+00
   outer loop
     vertex  2.186020e+00  8.068800e+01  2.496500e+00
     vertex  2.148500e+00  8.035500e+01  6.965002e-01
     vertex  2.186020e+00  8.068800e+01  6.965002e-01
   endloop
 endfacet
 facet normal  9.438833e-01 -3.302791e-01  0.000000e+00
   outer loop
     vertex  2.296700e+00  8.100431e+01  2.496500e+00
     vertex  2.186020e+00  8.068800e+01  6.965002e-01
     vertex  2.296700e+00  8.100431e+01  6.965002e-01
   endloop
 endfacet
 facet normal  9.438833e-01 -3.302791e-01  0.000000e+00
   outer loop
     vertex  2.296700e+00  8.100431e+01  2.496500e+00
     vertex  2.186020e+00  8.068800e+01  2.496500e+00
     vertex  2.186020e+00  8.068800e+01  6.965002e-01
   endloop
 endfacet
 facet normal  8.467242e-01 -5.320321e-01  0.000000e+00
   outer loop
     vertex  2.474989e+00  8.128805e+01  2.496500e+00
     vertex  2.296700e+00  8.100431e+01  6.965002e-01
     vertex  2.474989e+00  8.128805e+01  6.965002e-01
   endloop
 endfacet
 facet normal  8.467242e-01 -5.320321e-01  0.000000e+00
   outer loop
     vertex  2.474989e+00  8.128805e+01  2.496500e+00
     vertex  2.296700e+00  8.100431e+01  2.496500e+00
     vertex  2.296700e+00  8.100431e+01  6.965002e-01
   endloop
 endfacet
 facet normal  7.071068e-01 -7.071068e-01  0.000000e+00
   outer loop
     vertex  2.711947e+00  8.152501e+01  2.496500e+00
     vertex  2.474989e+00  8.128805e+01  6.965002e-01
     vertex  2.711947e+00  8.152501e+01  6.965002e-01
   endloop
 endfacet
 facet normal  5.320321e-01 -8.467242e-01  0.000000e+00
   outer loop
     vertex  2.711947e+00  8.152501e+01  2.496500e+00
     vertex  2.711947e+00  8.152501e+01  6.965002e-01
     vertex  2.995693e+00  8.170330e+01  6.965002e-01
   endloop
 endfacet
 facet normal  7.071068e-01 -7.071068e-01  0.000000e+00
   outer loop
     vertex  2.711947e+00  8.152501e+01  2.496500e+00
     vertex  2.474989e+00  8.128805e+01  2.496500e+00
     vertex  2.474989e+00  8.128805e+01  6.965002e-01
   endloop
 endfacet
 facet normal  5.320321e-01 -8.467242e-01  0.000000e+00
   outer loop
     vertex  2.995693e+00  8.170330e+01  2.496500e+00
     vertex  2.711947e+00  8.152501e+01  2.496500e+00
     vertex  2.995693e+00  8.170330e+01  6.965002e-01
   endloop
 endfacet
 facet normal  3.302791e-01 -9.438833e-01  0.000000e+00
   outer loop
     vertex  3.311997e+00  8.181398e+01  2.496500e+00
     vertex  2.995693e+00  8.170330e+01  6.965002e-01
     vertex  3.311997e+00  8.181398e+01  6.965002e-01
   endloop
 endfacet
 facet normal  3.302791e-01 -9.438833e-01  0.000000e+00
   outer loop
     vertex  3.311997e+00  8.181398e+01  2.496500e+00
     vertex  2.995693e+00  8.170330e+01  2.496500e+00
     vertex  2.995693e+00  8.170330e+01  6.965002e-01
   endloop
 endfacet
 facet normal  1.119645e-01 -9.937122e-01  0.000000e+00
   outer loop
     vertex  3.645000e+00  8.185150e+01  2.496500e+00
     vertex  3.311997e+00  8.181398e+01  6.965002e-01
     vertex  3.645000e+00  8.185150e+01  6.965002e-01
   endloop
 endfacet
 facet normal  1.119645e-01 -9.937122e-01  0.000000e+00
   outer loop
     vertex  3.645000e+00  8.185150e+01  2.496500e+00
     vertex  3.311997e+00  8.181398e+01  2.496500e+00
     vertex  3.311997e+00  8.181398e+01  6.965002e-01
   endloop
 endfacet
 facet normal -1.392813e-01 -7.002145e-01  7.002145e-01
   outer loop
     vertex  3.933576e+01  8.272277e+01  3.562858e+00
     vertex  3.835500e+01  8.398422e+01  4.629216e+00
     vertex  3.835500e+01  8.185150e+01  2.496500e+00
   endloop
 endfacet
 facet normal -2.725179e-01 -6.645450e-01  6.957830e-01
   outer loop
     vertex  3.933576e+01  8.272277e+01  3.562858e+00
     vertex  4.009893e+01  8.340507e+01  4.513433e+00
     vertex  3.925856e+01  8.379684e+01  4.558470e+00
   endloop
 endfacet
 facet normal -8.416572e-02 -6.806480e-01  7.277599e-01
   outer loop
     vertex  3.933576e+01  8.272277e+01  3.562858e+00
     vertex  3.925856e+01  8.379684e+01  4.558470e+00
     vertex  3.835500e+01  8.398422e+01  4.629216e+00
   endloop
 endfacet
 facet normal -8.260799e-02 -7.331662e-01  6.750135e-01
   outer loop
     vertex  3.933576e+01  8.272277e+01  3.562858e+00
     vertex  3.835500e+01  8.185150e+01  2.496500e+00
     vertex  3.868800e+01  8.181398e+01  2.496500e+00
   endloop
 endfacet
 facet normal -2.329544e-01 -6.657455e-01  7.088831e-01
   outer loop
     vertex  3.933576e+01  8.272277e+01  3.562858e+00
     vertex  3.868800e+01  8.181398e+01  2.496500e+00
     vertex  3.900431e+01  8.170330e+01  2.496500e+00
   endloop
 endfacet
 facet normal -3.809604e-01 -6.062950e-01  6.980513e-01
   outer loop
     vertex  3.933576e+01  8.272277e+01  3.562858e+00
     vertex  3.900431e+01  8.170330e+01  2.496500e+00
     vertex  3.928805e+01  8.152501e+01  2.496500e+00
   endloop
 endfacet
 facet normal -5.643746e-01 -4.311803e-01  7.039636e-01
   outer loop
     vertex  4.016721e+01  8.216721e+01  3.562858e+00
     vertex  4.140507e+01  8.209893e+01  4.513433e+00
     vertex  4.082843e+01  8.282843e+01  4.497954e+00
   endloop
 endfacet
 facet normal -4.311803e-01 -5.643746e-01  7.039637e-01
   outer loop
     vertex  4.016721e+01  8.216721e+01  3.562858e+00
     vertex  4.082843e+01  8.282843e+01  4.497954e+00
     vertex  4.009893e+01  8.340507e+01  4.513433e+00
   endloop
 endfacet
 facet normal -4.977989e-01 -4.977989e-01  7.102060e-01
   outer loop
     vertex  4.016721e+01  8.216721e+01  3.562858e+00
     vertex  3.928805e+01  8.152501e+01  2.496500e+00
     vertex  3.952501e+01  8.128805e+01  2.496500e+00
   endloop
 endfacet
 facet normal -3.845239e-01 -5.754806e-01  7.217780e-01
   outer loop
     vertex  4.016721e+01  8.216721e+01  3.562858e+00
     vertex  4.009893e+01  8.340507e+01  4.513433e+00
     vertex  3.933576e+01  8.272277e+01  3.562858e+00
   endloop
 endfacet
 facet normal -4.010245e-01 -6.001756e-01  6.920755e-01
   outer loop
     vertex  4.016721e+01  8.216721e+01  3.562858e+00
     vertex  3.933576e+01  8.272277e+01  3.562858e+00
     vertex  3.928805e+01  8.152501e+01  2.496500e+00
   endloop
 endfacet
 facet normal -6.806480e-01 -8.416573e-02  7.277599e-01
   outer loop
     vertex  4.072277e+01  8.133576e+01  3.562858e+00
     vertex  4.198422e+01  8.035500e+01  4.629216e+00
     vertex  4.179684e+01  8.125856e+01  4.558470e+00
   endloop
 endfacet
 facet normal -6.645450e-01 -2.725179e-01  6.957830e-01
   outer loop
     vertex  4.072277e+01  8.133576e+01  3.562858e+00
     vertex  4.179684e+01  8.125856e+01  4.558470e+00
     vertex  4.140507e+01  8.209893e+01  4.513433e+00
   endloop
 endfacet
 facet normal -7.002145e-01 -1.392813e-01  7.002145e-01
   outer loop
     vertex  4.072277e+01  8.133576e+01  3.562858e+00
     vertex  3.985150e+01  8.035500e+01  2.496500e+00
     vertex  4.198422e+01  8.035500e+01  4.629216e+00
   endloop
 endfacet
 facet normal -6.062950e-01 -3.809604e-01  6.980513e-01
   outer loop
     vertex  4.072277e+01  8.133576e+01  3.562858e+00
     vertex  3.952501e+01  8.128805e+01  2.496500e+00
     vertex  3.970330e+01  8.100431e+01  2.496500e+00
   endloop
 endfacet
 facet normal -6.657455e-01 -2.329544e-01  7.088831e-01
   outer loop
     vertex  4.072277e+01  8.133576e+01  3.562858e+00
     vertex  3.970330e+01  8.100431e+01  2.496500e+00
     vertex  3.981398e+01  8.068800e+01  2.496500e+00
   endloop
 endfacet
 facet normal -7.331662e-01 -8.260799e-02  6.750135e-01
   outer loop
     vertex  4.072277e+01  8.133576e+01  3.562858e+00
     vertex  3.981398e+01  8.068800e+01  2.496500e+00
     vertex  3.985150e+01  8.035500e+01  2.496500e+00
   endloop
 endfacet
 facet normal -6.001756e-01 -4.010245e-01  6.920755e-01
   outer loop
     vertex  4.072277e+01  8.133576e+01  3.562858e+00
     vertex  4.016721e+01  8.216721e+01  3.562858e+00
     vertex  3.952501e+01  8.128805e+01  2.496500e+00
   endloop
 endfacet
 facet normal -5.754806e-01 -3.845239e-01  7.217780e-01
   outer loop
     vertex  4.072277e+01  8.133576e+01  3.562858e+00
     vertex  4.140507e+01  8.209893e+01  4.513433e+00
     vertex  4.016721e+01  8.216721e+01  3.562858e+00
   endloop
 endfacet
 facet normal -0.000000e+00 -1.000000e+00  0.000000e+00
   outer loop
     vertex  3.835500e+01  8.185150e+01  2.496500e+00
     vertex  3.645000e+00  8.185150e+01  2.496500e+00
     vertex  3.645000e+00  8.185150e+01  6.965002e-01
   endloop
 endfacet
 facet normal  0.000000e+00 -1.000000e+00 -0.000000e+00
   outer loop
     vertex  3.835500e+01  8.185150e+01  2.496500e+00
     vertex  3.645000e+00  8.185150e+01  6.965002e-01
     vertex  3.835500e+01  8.185150e+01  6.965002e-01
   endloop
 endfacet
 facet normal -7.071068e-01  7.312321e-17  7.071068e-01
   outer loop
     vertex  4.200000e+01  4.000000e+00  4.645000e+00
     vertex  4.200000e+01  3.835500e+01  4.645000e+00
     vertex  3.985150e+01  3.835500e+01  2.496500e+00
   endloop
 endfacet
 facet normal -7.071068e-01 -5.806601e-15  7.071068e-01
   outer loop
     vertex  3.985150e+01  3.645000e+00  2.496500e+00
     vertex  4.198422e+01  3.645000e+00  4.629216e+00
     vertex  4.200000e+01  4.000000e+00  4.645000e+00
   endloop
 endfacet
 facet normal -7.071068e-01  9.046917e-17  7.071068e-01
   outer loop
     vertex  3.985150e+01  3.645000e+00  2.496500e+00
     vertex  4.200000e+01  4.000000e+00  4.645000e+00
     vertex  3.985150e+01  3.835500e+01  2.496500e+00
   endloop
 endfacet
 facet normal -7.002145e-01  1.392813e-01  7.002145e-01
   outer loop
     vertex  4.072277e+01  2.664237e+00  3.562858e+00
     vertex  4.198422e+01  3.645000e+00  4.629216e+00
     vertex  3.985150e+01  3.645000e+00  2.496500e+00
   endloop
 endfacet
 facet normal -6.806480e-01  8.416573e-02  7.277599e-01
   outer loop
     vertex  4.072277e+01  2.664237e+00  3.562858e+00
     vertex  4.179684e+01  2.741437e+00  4.558470e+00
     vertex  4.198422e+01  3.645000e+00  4.629216e+00
   endloop
 endfacet
 facet normal -6.645450e-01  2.725179e-01  6.957830e-01
   outer loop
     vertex  4.072277e+01  2.664237e+00  3.562858e+00
     vertex  4.140507e+01  1.901075e+00  4.513433e+00
     vertex  4.179684e+01  2.741437e+00  4.558470e+00
   endloop
 endfacet
 facet normal -7.331662e-01  8.260799e-02  6.750135e-01
   outer loop
     vertex  4.072277e+01  2.664237e+00  3.562858e+00
     vertex  3.985150e+01  3.645000e+00  2.496500e+00
     vertex  3.981398e+01  3.311997e+00  2.496500e+00
   endloop
 endfacet
 facet normal -6.657455e-01  2.329544e-01  7.088831e-01
   outer loop
     vertex  4.072277e+01  2.664237e+00  3.562858e+00
     vertex  3.981398e+01  3.311997e+00  2.496500e+00
     vertex  3.970330e+01  2.995693e+00  2.496500e+00
   endloop
 endfacet
 facet normal -6.062950e-01  3.809604e-01  6.980513e-01
   outer loop
     vertex  4.072277e+01  2.664237e+00  3.562858e+00
     vertex  3.970330e+01  2.995693e+00  2.496500e+00
     vertex  3.952501e+01  2.711947e+00  2.496500e+00
   endloop
 endfacet
 facet normal -5.643746e-01  4.311803e-01  7.039636e-01
   outer loop
     vertex  4.016721e+01  1.832786e+00  3.562858e+00
     vertex  4.082843e+01  1.171573e+00  4.497954e+00
     vertex  4.140507e+01  1.901075e+00  4.513433e+00
   endloop
 endfacet
 facet normal -4.311803e-01  5.643746e-01  7.039637e-01
   outer loop
     vertex  4.016721e+01  1.832786e+00  3.562858e+00
     vertex  4.009893e+01  5.949283e-01  4.513433e+00
     vertex  4.082843e+01  1.171573e+00  4.497954e+00
   endloop
 endfacet
 facet normal -4.977989e-01  4.977989e-01  7.102060e-01
   outer loop
     vertex  4.016721e+01  1.832786e+00  3.562858e+00
     vertex  3.952501e+01  2.711947e+00  2.496500e+00
     vertex  3.928805e+01  2.474989e+00  2.496500e+00
   endloop
 endfacet
 facet normal -5.754806e-01  3.845239e-01  7.217780e-01
   outer loop
     vertex  4.016721e+01  1.832786e+00  3.562858e+00
     vertex  4.140507e+01  1.901075e+00  4.513433e+00
     vertex  4.072277e+01  2.664237e+00  3.562858e+00
   endloop
 endfacet
 facet normal -6.001756e-01  4.010245e-01  6.920755e-01
   outer loop
     vertex  4.016721e+01  1.832786e+00  3.562858e+00
     vertex  4.072277e+01  2.664237e+00  3.562858e+00
     vertex  3.952501e+01  2.711947e+00  2.496500e+00
   endloop
 endfacet
 facet normal -2.725179e-01  6.645450e-01  6.957830e-01
   outer loop
     vertex  3.933576e+01  1.277228e+00  3.562858e+00
     vertex  3.925856e+01  2.031567e-01  4.558470e+00
     vertex  4.009893e+01  5.949283e-01  4.513433e+00
   endloop
 endfacet
 facet normal -8.416572e-02  6.806480e-01  7.277599e-01
   outer loop
     vertex  3.933576e+01  1.277228e+00  3.562858e+00
     vertex  3.835500e+01  1.578427e-02  4.629216e+00
     vertex  3.925856e+01  2.031567e-01  4.558470e+00
   endloop
 endfacet
 facet normal -1.392813e-01  7.002145e-01  7.002145e-01
   outer loop
     vertex  3.933576e+01  1.277228e+00  3.562858e+00
     vertex  3.835500e+01  2.148500e+00  2.496500e+00
     vertex  3.835500e+01  1.578427e-02  4.629216e+00
   endloop
 endfacet
 facet normal -3.809604e-01  6.062950e-01  6.980513e-01
   outer loop
     vertex  3.933576e+01  1.277228e+00  3.562858e+00
     vertex  3.928805e+01  2.474989e+00  2.496500e+00
     vertex  3.900431e+01  2.296700e+00  2.496500e+00
   endloop
 endfacet
 facet normal -2.329544e-01  6.657455e-01  7.088831e-01
   outer loop
     vertex  3.933576e+01  1.277228e+00  3.562858e+00
     vertex  3.900431e+01  2.296700e+00  2.496500e+00
     vertex  3.868800e+01  2.186020e+00  2.496500e+00
   endloop
 endfacet
 facet normal -8.260799e-02  7.331662e-01  6.750135e-01
   outer loop
     vertex  3.933576e+01  1.277228e+00  3.562858e+00
     vertex  3.868800e+01  2.186020e+00  2.496500e+00
     vertex  3.835500e+01  2.148500e+00  2.496500e+00
   endloop
 endfacet
 facet normal -3.845239e-01  5.754806e-01  7.217780e-01
   outer loop
     vertex  3.933576e+01  1.277228e+00  3.562858e+00
     vertex  4.009893e+01  5.949283e-01  4.513433e+00
     vertex  4.016721e+01  1.832786e+00  3.562858e+00
   endloop
 endfacet
 facet normal -4.010245e-01  6.001756e-01  6.920755e-01
   outer loop
     vertex  3.933576e+01  1.277228e+00  3.562858e+00
     vertex  4.016721e+01  1.832786e+00  3.562858e+00
     vertex  3.928805e+01  2.474989e+00  2.496500e+00
   endloop
 endfacet
 facet normal -7.071068e-01  4.977086e-15  7.071068e-01
   outer loop
     vertex  3.985150e+01  8.035500e+01  2.496500e+00
     vertex  4.200000e+01  8.000000e+01  4.645000e+00
     vertex  4.198422e+01  8.035500e+01  4.629216e+00
   endloop
 endfacet
 facet normal -7.071068e-01  7.657772e-17  7.071068e-01
   outer loop
     vertex  3.985150e+01  4.564500e+01  2.496500e+00
     vertex  4.200000e+01  4.564500e+01  4.645000e+00
     vertex  4.200000e+01  8.000000e+01  4.645000e+00
   endloop
 endfacet
 facet normal -7.071068e-01  9.046917e-17  7.071068e-01
   outer loop
     vertex  3.985150e+01  4.564500e+01  2.496500e+00
     vertex  4.200000e+01  8.000000e+01  4.645000e+00
     vertex  3.985150e+01  8.035500e+01  2.496500e+00
   endloop
 endfacet
 facet normal  0.000000e+00  0.000000e+00  1.000000e+00
   outer loop
     vertex  4.082294e+01  4.249773e+01  4.999500e+00
     vertex  4.000120e+01  4.200000e+01  4.999500e+00
     vertex  4.082294e+01  4.150227e+01  4.999500e+00
   endloop
 endfacet
 facet normal  0.000000e+00  0.000000e+00  1.000000e+00
   outer loop
     vertex  4.082294e+01  4.249773e+01  4.999500e+00
     vertex  4.082294e+01  4.150227e+01  4.999500e+00
     vertex  4.150227e+01  4.082294e+01  4.999500e+00
   endloop
 endfacet
 facet normal  0.000000e+00  0.000000e+00  1.000000e+00
   outer loop
     vertex  4.150227e+01  4.317706e+01  4.999500e+00
     vertex  4.150227e+01  4.082294e+01  4.999500e+00
     vertex  4.200000e+01  4.000120e+01  4.999500e+00
   endloop
 endfacet
 facet normal  0.000000e+00  0.000000e+00  1.000000e+00
   outer loop
     vertex  4.150227e+01  4.317706e+01  4.999500e+00
     vertex  4.082294e+01  4.249773e+01  4.999500e+00
     vertex  4.150227e+01  4.082294e+01  4.999500e+00
   endloop
 endfacet
 facet normal  0.000000e+00  0.000000e+00  1.000000e+00
   outer loop
     vertex  4.200000e+01  4.399880e+01  4.999500e+00
     vertex  4.150227e+01  4.317706e+01  4.999500e+00
     vertex  4.200000e+01  4.000120e+01  4.999500e+00
   endloop
 endfacet
 facet normal -1.392813e-01 -7.002145e-01  7.002145e-01
   outer loop
     vertex  3.940661e+01  4.089382e+01  3.748000e+00
     vertex  3.835500e+01  4.200000e+01  4.645000e+00
     vertex  3.835500e+01  3.985150e+01  2.496500e+00
   endloop
 endfacet
 facet normal -2.306149e-01 -6.721054e-01  7.036271e-01
   outer loop
     vertex  3.940661e+01  4.089382e+01  3.748000e+00
     vertex  4.000120e+01  4.200000e+01  4.999500e+00
     vertex  3.924977e+01  4.200000e+01  4.753216e+00
   endloop
 endfacet
 facet normal -1.306275e-01 -6.768442e-01  7.244435e-01
   outer loop
     vertex  3.940661e+01  4.089382e+01  3.748000e+00
     vertex  3.924977e+01  4.200000e+01  4.753216e+00
     vertex  3.879910e+01  4.200000e+01  4.671954e+00
   endloop
 endfacet
 facet normal -4.577423e-02 -6.550763e-01  7.541749e-01
   outer loop
     vertex  3.940661e+01  4.089382e+01  3.748000e+00
     vertex  3.879910e+01  4.200000e+01  4.671954e+00
     vertex  3.835500e+01  4.200000e+01  4.645000e+00
   endloop
 endfacet
 facet normal -3.659449e-01 -6.041600e-01  7.078665e-01
   outer loop
     vertex  3.940661e+01  4.089382e+01  3.748000e+00
     vertex  4.082294e+01  4.150227e+01  4.999500e+00
     vertex  4.000120e+01  4.200000e+01  4.999500e+00
   endloop
 endfacet
 facet normal -8.232826e-02 -7.306835e-01  6.777342e-01
   outer loop
     vertex  3.940661e+01  4.089382e+01  3.748000e+00
     vertex  3.835500e+01  3.985150e+01  2.496500e+00
     vertex  3.868800e+01  3.981398e+01  2.496500e+00
   endloop
 endfacet
 facet normal -2.330684e-01 -6.660713e-01  7.085394e-01
   outer loop
     vertex  3.940661e+01  4.089382e+01  3.748000e+00
     vertex  3.868800e+01  3.981398e+01  2.496500e+00
     vertex  3.900431e+01  3.970330e+01  2.496500e+00
   endloop
 endfacet
 facet normal -3.806505e-01 -6.058018e-01  6.986482e-01
   outer loop
     vertex  3.940661e+01  4.089382e+01  3.748000e+00
     vertex  3.900431e+01  3.970330e+01  2.496500e+00
     vertex  3.928805e+01  3.952501e+01  2.496500e+00
   endloop
 endfacet
 facet normal -5.058164e-01 -5.058164e-01  6.987843e-01
   outer loop
     vertex  4.029813e+01  4.029813e+01  3.748000e+00
     vertex  4.150227e+01  4.082294e+01  4.999500e+00
     vertex  4.082294e+01  4.150227e+01  4.999500e+00
   endloop
 endfacet
 facet normal -4.981239e-01 -4.981239e-01  7.097501e-01
   outer loop
     vertex  4.029813e+01  4.029813e+01  3.748000e+00
     vertex  3.928805e+01  3.952501e+01  2.496500e+00
     vertex  3.952501e+01  3.928805e+01  2.496500e+00
   endloop
 endfacet
 facet normal -4.003730e-01 -5.992006e-01  6.932966e-01
   outer loop
     vertex  4.029813e+01  4.029813e+01  3.748000e+00
     vertex  3.940661e+01  4.089382e+01  3.748000e+00
     vertex  3.928805e+01  3.952501e+01  2.496500e+00
   endloop
 endfacet
 facet normal -3.864242e-01 -5.783247e-01  7.184824e-01
   outer loop
     vertex  4.029813e+01  4.029813e+01  3.748000e+00
     vertex  4.082294e+01  4.150227e+01  4.999500e+00
     vertex  3.940661e+01  4.089382e+01  3.748000e+00
   endloop
 endfacet
 facet normal -6.041600e-01 -3.659449e-01  7.078665e-01
   outer loop
     vertex  4.089382e+01  3.940661e+01  3.748000e+00
     vertex  4.200000e+01  4.000120e+01  4.999500e+00
     vertex  4.150227e+01  4.082294e+01  4.999500e+00
   endloop
 endfacet
 facet normal -6.721054e-01 -2.306149e-01  7.036271e-01
   outer loop
     vertex  4.089382e+01  3.940661e+01  3.748000e+00
     vertex  4.200000e+01  3.924977e+01  4.753216e+00
     vertex  4.200000e+01  4.000120e+01  4.999500e+00
   endloop
 endfacet
 facet normal -6.768442e-01 -1.306275e-01  7.244435e-01
   outer loop
     vertex  4.089382e+01  3.940661e+01  3.748000e+00
     vertex  4.200000e+01  3.879910e+01  4.671954e+00
     vertex  4.200000e+01  3.924977e+01  4.753216e+00
   endloop
 endfacet
 facet normal -6.550763e-01 -4.577423e-02  7.541749e-01
   outer loop
     vertex  4.089382e+01  3.940661e+01  3.748000e+00
     vertex  4.200000e+01  3.835500e+01  4.645000e+00
     vertex  4.200000e+01  3.879910e+01  4.671954e+00
   endloop
 endfacet
 facet normal -7.002145e-01 -1.392813e-01  7.002145e-01
   outer loop
     vertex  4.089382e+01  3.940661e+01  3.748000e+00
     vertex  3.985150e+01  3.835500e+01  2.496500e+00
     vertex  4.200000e+01  3.835500e+01  4.645000e+00
   endloop
 endfacet
 facet normal -6.058018e-01 -3.806505e-01  6.986482e-01
   outer loop
     vertex  4.089382e+01  3.940661e+01  3.748000e+00
     vertex  3.952501e+01  3.928805e+01  2.496500e+00
     vertex  3.970330e+01  3.900431e+01  2.496500e+00
   endloop
 endfacet
 facet normal -6.660713e-01 -2.330684e-01  7.085394e-01
   outer loop
     vertex  4.089382e+01  3.940661e+01  3.748000e+00
     vertex  3.970330e+01  3.900431e+01  2.496500e+00
     vertex  3.981398e+01  3.868800e+01  2.496500e+00
   endloop
 endfacet
 facet normal -7.306835e-01 -8.232826e-02  6.777342e-01
   outer loop
     vertex  4.089382e+01  3.940661e+01  3.748000e+00
     vertex  3.981398e+01  3.868800e+01  2.496500e+00
     vertex  3.985150e+01  3.835500e+01  2.496500e+00
   endloop
 endfacet
 facet normal -5.783247e-01 -3.864242e-01  7.184824e-01
   outer loop
     vertex  4.089382e+01  3.940661e+01  3.748000e+00
     vertex  4.150227e+01  4.082294e+01  4.999500e+00
     vertex  4.029813e+01  4.029813e+01  3.748000e+00
   endloop
 endfacet
 facet normal -5.992006e-01 -4.003730e-01  6.932966e-01
   outer loop
     vertex  4.089382e+01  3.940661e+01  3.748000e+00
     vertex  4.029813e+01  4.029813e+01  3.748000e+00
     vertex  3.952501e+01  3.928805e+01  2.496500e+00
   endloop
 endfacet
 facet normal  1.119645e-01  9.937122e-01  0.000000e+00
   outer loop
     vertex  3.311997e+00  2.186020e+00  2.496500e+00
     vertex  3.645000e+00  2.148500e+00  2.496500e+00
     vertex  3.645000e+00  2.148500e+00  6.965002e-01
   endloop
 endfacet
 facet normal  1.119645e-01  9.937122e-01  0.000000e+00
   outer loop
     vertex  3.311997e+00  2.186020e+00  2.496500e+00
     vertex  3.645000e+00  2.148500e+00  6.965002e-01
     vertex  3.311997e+00  2.186020e+00  6.965002e-01
   endloop
 endfacet
 facet normal  3.302791e-01  9.438833e-01  0.000000e+00
   outer loop
     vertex  2.995693e+00  2.296700e+00  2.496500e+00
     vertex  3.311997e+00  2.186020e+00  6.965002e-01
     vertex  2.995693e+00  2.296700e+00  6.965002e-01
   endloop
 endfacet
 facet normal  3.302791e-01  9.438833e-01  0.000000e+00
   outer loop
     vertex  2.995693e+00  2.296700e+00  2.496500e+00
     vertex  3.311997e+00  2.186020e+00  2.496500e+00
     vertex  3.311997e+00  2.186020e+00  6.965002e-01
   endloop
 endfacet
 facet normal  5.320321e-01  8.467242e-01  0.000000e+00
   outer loop
     vertex  2.711947e+00  2.474989e+00  2.496500e+00
     vertex  2.995693e+00  2.296700e+00  6.965002e-01
     vertex  2.711947e+00  2.474989e+00  6.965002e-01
   endloop
 endfacet
 facet normal  7.071068e-01  7.071068e-01  0.000000e+00
   outer loop
     vertex  2.711947e+00  2.474989e+00  2.496500e+00
     vertex  2.711947e+00  2.474989e+00  6.965002e-01
     vertex  2.474989e+00  2.711947e+00  6.965002e-01
   endloop
 endfacet
 facet normal  5.320321e-01  8.467242e-01  0.000000e+00
   outer loop
     vertex  2.711947e+00  2.474989e+00  2.496500e+00
     vertex  2.995693e+00  2.296700e+00  2.496500e+00
     vertex  2.995693e+00  2.296700e+00  6.965002e-01
   endloop
 endfacet
 facet normal  7.071068e-01  7.071068e-01  0.000000e+00
   outer loop
     vertex  2.474989e+00  2.711947e+00  2.496500e+00
     vertex  2.711947e+00  2.474989e+00  2.496500e+00
     vertex  2.474989e+00  2.711947e+00  6.965002e-01
   endloop
 endfacet
 facet normal  8.467242e-01  5.320321e-01  0.000000e+00
   outer loop
     vertex  2.296700e+00  2.995693e+00  2.496500e+00
     vertex  2.474989e+00  2.711947e+00  6.965002e-01
     vertex  2.296700e+00  2.995693e+00  6.965002e-01
   endloop
 endfacet
 facet normal  8.467242e-01  5.320321e-01  0.000000e+00
   outer loop
     vertex  2.296700e+00  2.995693e+00  2.496500e+00
     vertex  2.474989e+00  2.711947e+00  2.496500e+00
     vertex  2.474989e+00  2.711947e+00  6.965002e-01
   endloop
 endfacet
 facet normal  9.438833e-01  3.302791e-01  0.000000e+00
   outer loop
     vertex  2.186020e+00  3.311997e+00  2.496500e+00
     vertex  2.296700e+00  2.995693e+00  6.965002e-01
     vertex  2.186020e+00  3.311997e+00  6.965002e-01
   endloop
 endfacet
 facet normal  9.937122e-01  1.119645e-01  0.000000e+00
   outer loop
     vertex  2.186020e+00  3.311997e+00  2.496500e+00
     vertex  2.186020e+00  3.311997e+00  6.965002e-01
     vertex  2.148500e+00  3.645000e+00  6.965002e-01
   endloop
 endfacet
 facet normal  9.438833e-01  3.302791e-01  0.000000e+00
   outer loop
     vertex  2.186020e+00  3.311997e+00  2.496500e+00
     vertex  2.296700e+00  2.995693e+00  2.496500e+00
     vertex  2.296700e+00  2.995693e+00  6.965002e-01
   endloop
 endfacet
 facet normal  9.937122e-01  1.119645e-01  0.000000e+00
   outer loop
     vertex  2.148500e+00  3.645000e+00  2.496500e+00
     vertex  2.186020e+00  3.311997e+00  2.496500e+00
     vertex  2.148500e+00  3.645000e+00  6.965002e-01
   endloop
 endfacet
 facet normal -0.000000e+00  1.000000e+00  0.000000e+00
   outer loop
     vertex  3.645000e+00  2.148500e+00  2.496500e+00
     vertex  3.835500e+01  2.148500e+00  2.496500e+00
     vertex  3.835500e+01  2.148500e+00  6.965002e-01
   endloop
 endfacet
 facet normal  0.000000e+00  1.000000e+00  0.000000e+00
   outer loop
     vertex  3.645000e+00  2.148500e+00  2.496500e+00
     vertex  3.835500e+01  2.148500e+00  6.965002e-01
     vertex  3.645000e+00  2.148500e+00  6.965002e-01
   endloop
 endfacet
 facet normal -9.937122e-01  1.119645e-01  0.000000e+00
   outer loop
     vertex  3.981398e+01  3.311997e+00  2.496500e+00
     vertex  3.985150e+01  3.645000e+00  2.496500e+00
     vertex  3.985150e+01  3.645000e+00  6.965002e-01
   endloop
 endfacet
 facet normal -9.937122e-01  1.119645e-01  0.000000e+00
   outer loop
     vertex  3.981398e+01  3.311997e+00  2.496500e+00
     vertex  3.985150e+01  3.645000e+00  6.965002e-01
     vertex  3.981398e+01  3.311997e+00  6.965002e-01
   endloop
 endfacet
 facet normal -9.438833e-01  3.302791e-01  0.000000e+00
   outer loop
     vertex  3.970330e+01  2.995693e+00  2.496500e+00
     vertex  3.981398e+01  3.311997e+00  6.965002e-01
     vertex  3.970330e+01  2.995693e+00  6.965002e-01
   endloop
 endfacet
 facet normal -9.438833e-01  3.302791e-01  0.000000e+00
   outer loop
     vertex  3.970330e+01  2.995693e+00  2.496500e+00
     vertex  3.981398e+01  3.311997e+00  2.496500e+00
     vertex  3.981398e+01  3.311997e+00  6.965002e-01
   endloop
 endfacet
 facet normal -8.467242e-01  5.320321e-01  0.000000e+00
   outer loop
     vertex  3.952501e+01  2.711947e+00  2.496500e+00
     vertex  3.970330e+01  2.995693e+00  6.965002e-01
     vertex  3.952501e+01  2.711947e+00  6.965002e-01
   endloop
 endfacet
 facet normal -7.071068e-01  7.071068e-01  0.000000e+00
   outer loop
     vertex  3.952501e+01  2.711947e+00  2.496500e+00
     vertex  3.952501e+01  2.711947e+00  6.965002e-01
     vertex  3.928805e+01  2.474989e+00  6.965002e-01
   endloop
 endfacet
 facet normal -8.467242e-01  5.320321e-01  0.000000e+00
   outer loop
     vertex  3.952501e+01  2.711947e+00  2.496500e+00
     vertex  3.970330e+01  2.995693e+00  2.496500e+00
     vertex  3.970330e+01  2.995693e+00  6.965002e-01
   endloop
 endfacet
 facet normal -7.071068e-01  7.071068e-01  0.000000e+00
   outer loop
     vertex  3.928805e+01  2.474989e+00  2.496500e+00
     vertex  3.952501e+01  2.711947e+00  2.496500e+00
     vertex  3.928805e+01  2.474989e+00  6.965002e-01
   endloop
 endfacet
 facet normal -5.320321e-01  8.467242e-01  0.000000e+00
   outer loop
     vertex  3.900431e+01  2.296700e+00  2.496500e+00
     vertex  3.928805e+01  2.474989e+00  6.965002e-01
     vertex  3.900431e+01  2.296700e+00  6.965002e-01
   endloop
 endfacet
 facet normal -5.320321e-01  8.467242e-01  0.000000e+00
   outer loop
     vertex  3.900431e+01  2.296700e+00  2.496500e+00
     vertex  3.928805e+01  2.474989e+00  2.496500e+00
     vertex  3.928805e+01  2.474989e+00  6.965002e-01
   endloop
 endfacet
 facet normal -3.302791e-01  9.438833e-01  0.000000e+00
   outer loop
     vertex  3.868800e+01  2.186020e+00  2.496500e+00
     vertex  3.900431e+01  2.296700e+00  6.965002e-01
     vertex  3.868800e+01  2.186020e+00  6.965002e-01
   endloop
 endfacet
 facet normal -1.119645e-01  9.937122e-01  0.000000e+00
   outer loop
     vertex  3.868800e+01  2.186020e+00  2.496500e+00
     vertex  3.868800e+01  2.186020e+00  6.965002e-01
     vertex  3.835500e+01  2.148500e+00  6.965002e-01
   endloop
 endfacet
 facet normal -3.302791e-01  9.438833e-01  0.000000e+00
   outer loop
     vertex  3.868800e+01  2.186020e+00  2.496500e+00
     vertex  3.900431e+01  2.296700e+00  2.496500e+00
     vertex  3.900431e+01  2.296700e+00  6.965002e-01
   endloop
 endfacet
 facet normal -1.119645e-01  9.937122e-01  0.000000e+00
   outer loop
     vertex  3.835500e+01  2.148500e+00  2.496500e+00
     vertex  3.868800e+01  2.186020e+00  2.496500e+00
     vertex  3.835500e+01  2.148500e+00  6.965002e-01
   endloop
 endfacet
 facet normal -1.000000e+00  0.000000e+00  0.000000e+00
   outer loop
     vertex  3.985150e+01  3.645000e+00  6.965002e-01
     vertex  3.985150e+01  3.835500e+01  2.496500e+00
     vertex  3.985150e+01  3.835500e+01  6.965002e-01
   endloop
 endfacet
 facet normal -1.000000e+00  0.000000e+00  0.000000e+00
   outer loop
     vertex  3.985150e+01  3.645000e+00  2.496500e+00
     vertex  3.985150e+01  3.835500e+01  2.496500e+00
     vertex  3.985150e+01  3.645000e+00  6.965002e-01
   endloop
 endfacet
 facet normal -1.119645e-01 -9.937122e-01  0.000000e+00
   outer loop
     vertex  3.868800e+01  3.981398e+01  2.496500e+00
     vertex  3.835500e+01  3.985150e+01  2.496500e+00
     vertex  3.835500e+01  3.985150e+01  6.965002e-01
   endloop
 endfacet
 facet normal -1.119645e-01 -9.937122e-01 -0.000000e+00
   outer loop
     vertex  3.868800e+01  3.981398e+01  2.496500e+00
     vertex  3.835500e+01  3.985150e+01  6.965002e-01
     vertex  3.868800e+01  3.981398e+01  6.965002e-01
   endloop
 endfacet
 facet normal -3.302791e-01 -9.438833e-01 -0.000000e+00
   outer loop
     vertex  3.900431e+01  3.970330e+01  2.496500e+00
     vertex  3.868800e+01  3.981398e+01  6.965002e-01
     vertex  3.900431e+01  3.970330e+01  6.965002e-01
   endloop
 endfacet
 facet normal -3.302791e-01 -9.438833e-01  0.000000e+00
   outer loop
     vertex  3.900431e+01  3.970330e+01  2.496500e+00
     vertex  3.868800e+01  3.981398e+01  2.496500e+00
     vertex  3.868800e+01  3.981398e+01  6.965002e-01
   endloop
 endfacet
 facet normal -5.320321e-01 -8.467242e-01 -0.000000e+00
   outer loop
     vertex  3.928805e+01  3.952501e+01  2.496500e+00
     vertex  3.900431e+01  3.970330e+01  6.965002e-01
     vertex  3.928805e+01  3.952501e+01  6.965002e-01
   endloop
 endfacet
 facet normal -5.320321e-01 -8.467242e-01  0.000000e+00
   outer loop
     vertex  3.928805e+01  3.952501e+01  2.496500e+00
     vertex  3.900431e+01  3.970330e+01  2.496500e+00
     vertex  3.900431e+01  3.970330e+01  6.965002e-01
   endloop
 endfacet
 facet normal -7.071068e-01 -7.071068e-01 -0.000000e+00
   outer loop
     vertex  3.952501e+01  3.928805e+01  2.496500e+00
     vertex  3.928805e+01  3.952501e+01  6.965002e-01
     vertex  3.952501e+01  3.928805e+01  6.965002e-01
   endloop
 endfacet
 facet normal -8.467242e-01 -5.320321e-01 -0.000000e+00
   outer loop
     vertex  3.952501e+01  3.928805e+01  2.496500e+00
     vertex  3.952501e+01  3.928805e+01  6.965002e-01
     vertex  3.970330e+01  3.900431e+01  6.965002e-01
   endloop
 endfacet
 facet normal -7.071068e-01 -7.071068e-01  0.000000e+00
   outer loop
     vertex  3.952501e+01  3.928805e+01  2.496500e+00
     vertex  3.928805e+01  3.952501e+01  2.496500e+00
     vertex  3.928805e+01  3.952501e+01  6.965002e-01
   endloop
 endfacet
 facet normal -8.467242e-01 -5.320321e-01 -0.000000e+00
   outer loop
     vertex  3.970330e+01  3.900431e+01  2.496500e+00
     vertex  3.952501e+01  3.928805e+01  2.496500e+00
     vertex  3.970330e+01  3.900431e+01  6.965002e-01
   endloop
 endfacet
 facet normal -9.438833e-01 -3.302791e-01 -0.000000e+00
   outer loop
     vertex  3.981398e+01  3.868800e+01  2.496500e+00
     vertex  3.970330e+01  3.900431e+01  6.965002e-01
     vertex  3.981398e+01  3.868800e+01  6.965002e-01
   endloop
 endfacet
 facet normal -9.438833e-01 -3.302791e-01  0.000000e+00
   outer loop
     vertex  3.981398e+01  3.868800e+01  2.496500e+00
     vertex  3.970330e+01  3.900431e+01  2.496500e+00
     vertex  3.970330e+01  3.900431e+01  6.965002e-01
   endloop
 endfacet
 facet normal -9.937122e-01 -1.119645e-01 -0.000000e+00
   outer loop
     vertex  3.985150e+01  3.835500e+01  2.496500e+00
     vertex  3.981398e+01  3.868800e+01  6.965002e-01
     vertex  3.985150e+01  3.835500e+01  6.965002e-01
   endloop
 endfacet
 facet normal -9.937122e-01 -1.119645e-01  0.000000e+00
   outer loop
     vertex  3.985150e+01  3.835500e+01  2.496500e+00
     vertex  3.981398e+01  3.868800e+01  2.496500e+00
     vertex  3.981398e+01  3.868800e+01  6.965002e-01
   endloop
 endfacet
 facet normal -0.000000e+00 -1.000000e+00  0.000000e+00
   outer loop
     vertex  3.835500e+01  3.985150e+01  2.496500e+00
     vertex  3.645000e+00  3.985150e+01  2.496500e+00
     vertex  3.645000e+00  3.985150e+01  6.965002e-01
   endloop
 endfacet
 facet normal  0.000000e+00 -1.000000e+00 -0.000000e+00
   outer loop
     vertex  3.835500e+01  3.985150e+01  2.496500e+00
     vertex  3.645000e+00  3.985150e+01  6.965002e-01
     vertex  3.835500e+01  3.985150e+01  6.965002e-01
   endloop
 endfacet
 facet normal -1.000000e+00  0.000000e+00  0.000000e+00
   outer loop
     vertex  3.985150e+01  4.564500e+01  6.965002e-01
     vertex  3.985150e+01  8.035500e+01  2.496500e+00
     vertex  3.985150e+01  8.035500e+01  6.965002e-01
   endloop
 endfacet
 facet normal -1.000000e+00  0.000000e+00  0.000000e+00
   outer loop
     vertex  3.985150e+01  4.564500e+01  2.496500e+00
     vertex  3.985150e+01  8.035500e+01  2.496500e+00
     vertex  3.985150e+01  4.564500e+01  6.965002e-01
   endloop
 endfacet
 facet normal -1.119645e-01 -9.937122e-01  0.000000e+00
   outer loop
     vertex  3.868800e+01  8.181398e+01  2.496500e+00
     vertex  3.835500e+01  8.185150e+01  2.496500e+00
     vertex  3.835500e+01  8.185150e+01  6.965002e-01
   endloop
 endfacet
 facet normal -1.119645e-01 -9.937122e-01 -0.000000e+00
   outer loop
     vertex  3.868800e+01  8.181398e+01  2.496500e+00
     vertex  3.835500e+01  8.185150e+01  6.965002e-01
     vertex  3.868800e+01  8.181398e+01  6.965002e-01
   endloop
 endfacet
 facet normal -3.302791e-01 -9.438833e-01 -0.000000e+00
   outer loop
     vertex  3.900431e+01  8.170330e+01  2.496500e+00
     vertex  3.868800e+01  8.181398e+01  6.965002e-01
     vertex  3.900431e+01  8.170330e+01  6.965002e-01
   endloop
 endfacet
 facet normal -3.302791e-01 -9.438833e-01  0.000000e+00
   outer loop
     vertex  3.900431e+01  8.170330e+01  2.496500e+00
     vertex  3.868800e+01  8.181398e+01  2.496500e+00
     vertex  3.868800e+01  8.181398e+01  6.965002e-01
   endloop
 endfacet
 facet normal -5.320321e-01 -8.467242e-01 -0.000000e+00
   outer loop
     vertex  3.928805e+01  8.152501e+01  2.496500e+00
     vertex  3.900431e+01  8.170330e+01  6.965002e-01
     vertex  3.928805e+01  8.152501e+01  6.965002e-01
   endloop
 endfacet
 facet normal -5.320321e-01 -8.467242e-01  0.000000e+00
   outer loop
     vertex  3.928805e+01  8.152501e+01  2.496500e+00
     vertex  3.900431e+01  8.170330e+01  2.496500e+00
     vertex  3.900431e+01  8.170330e+01  6.965002e-01
   endloop
 endfacet
 facet normal -7.071068e-01 -7.071068e-01 -0.000000e+00
   outer loop
     vertex  3.952501e+01  8.128805e+01  2.496500e+00
     vertex  3.928805e+01  8.152501e+01  6.965002e-01
     vertex  3.952501e+01  8.128805e+01  6.965002e-01
   endloop
 endfacet
 facet normal -8.467242e-01 -5.320321e-01 -0.000000e+00
   outer loop
     vertex  3.952501e+01  8.128805e+01  2.496500e+00
     vertex  3.952501e+01  8.128805e+01  6.965002e-01
     vertex  3.970330e+01  8.100431e+01  6.965002e-01
   endloop
 endfacet
 facet normal -7.071068e-01 -7.071068e-01  0.000000e+00
   outer loop
     vertex  3.952501e+01  8.128805e+01  2.496500e+00
     vertex  3.928805e+01  8.152501e+01  2.496500e+00
     vertex  3.928805e+01  8.152501e+01  6.965002e-01
   endloop
 endfacet
 facet normal -8.467242e-01 -5.320321e-01 -0.000000e+00
   outer loop
     vertex  3.970330e+01  8.100431e+01  2.496500e+00
     vertex  3.952501e+01  8.128805e+01  2.496500e+00
     vertex  3.970330e+01  8.100431e+01  6.965002e-01
   endloop
 endfacet
 facet normal -9.438833e-01 -3.302791e-01 -0.000000e+00
   outer loop
     vertex  3.981398e+01  8.068800e+01  2.496500e+00
     vertex  3.970330e+01  8.100431e+01  6.965002e-01
     vertex  3.981398e+01  8.068800e+01  6.965002e-01
   endloop
 endfacet
 facet normal -9.438833e-01 -3.302791e-01  0.000000e+00
   outer loop
     vertex  3.981398e+01  8.068800e+01  2.496500e+00
     vertex  3.970330e+01  8.100431e+01  2.496500e+00
     vertex  3.970330e+01  8.100431e+01  6.965002e-01
   endloop
 endfacet
 facet normal -9.937122e-01 -1.119645e-01 -0.000000e+00
   outer loop
     vertex  3.985150e+01  8.035500e+01  2.496500e+00
     vertex  3.981398e+01  8.068800e+01  6.965002e-01
     vertex  3.985150e+01  8.035500e+01  6.965002e-01
   endloop
 endfacet
 facet normal -9.937122e-01 -1.119645e-01  0.000000e+00
   outer loop
     vertex  3.985150e+01  8.035500e+01  2.496500e+00
     vertex  3.981398e+01  8.068800e+01  2.496500e+00
     vertex  3.981398e+01  8.068800e+01  6.965002e-01
   endloop
 endfacet
 facet normal -9.937122e-01  1.119645e-01  0.000000e+00
   outer loop
     vertex  3.981398e+01  4.531200e+01  2.496500e+00
     vertex  3.985150e+01  4.564500e+01  2.496500e+00
     vertex  3.985150e+01  4.564500e+01  6.965002e-01
   endloop
 endfacet
 facet normal -9.937122e-01  1.119645e-01  0.000000e+00
   outer loop
     vertex  3.981398e+01  4.531200e+01  2.496500e+00
     vertex  3.985150e+01  4.564500e+01  6.965002e-01
     vertex  3.981398e+01  4.531200e+01  6.965002e-01
   endloop
 endfacet
 facet normal -9.438833e-01  3.302791e-01  0.000000e+00
   outer loop
     vertex  3.970330e+01  4.499569e+01  2.496500e+00
     vertex  3.981398e+01  4.531200e+01  6.965002e-01
     vertex  3.970330e+01  4.499569e+01  6.965002e-01
   endloop
 endfacet
 facet normal -9.438833e-01  3.302791e-01  0.000000e+00
   outer loop
     vertex  3.970330e+01  4.499569e+01  2.496500e+00
     vertex  3.981398e+01  4.531200e+01  2.496500e+00
     vertex  3.981398e+01  4.531200e+01  6.965002e-01
   endloop
 endfacet
 facet normal -8.467242e-01  5.320321e-01  0.000000e+00
   outer loop
     vertex  3.952501e+01  4.471195e+01  2.496500e+00
     vertex  3.970330e+01  4.499569e+01  6.965002e-01
     vertex  3.952501e+01  4.471195e+01  6.965002e-01
   endloop
 endfacet
 facet normal -7.071068e-01  7.071068e-01  0.000000e+00
   outer loop
     vertex  3.952501e+01  4.471195e+01  2.496500e+00
     vertex  3.952501e+01  4.471195e+01  6.965002e-01
     vertex  3.928805e+01  4.447499e+01  6.965002e-01
   endloop
 endfacet
 facet normal -8.467242e-01  5.320321e-01  0.000000e+00
   outer loop
     vertex  3.952501e+01  4.471195e+01  2.496500e+00
     vertex  3.970330e+01  4.499569e+01  2.496500e+00
     vertex  3.970330e+01  4.499569e+01  6.965002e-01
   endloop
 endfacet
 facet normal -7.071068e-01  7.071068e-01  0.000000e+00
   outer loop
     vertex  3.928805e+01  4.447499e+01  2.496500e+00
     vertex  3.952501e+01  4.471195e+01  2.496500e+00
     vertex  3.928805e+01  4.447499e+01  6.965002e-01
   endloop
 endfacet
 facet normal -5.320321e-01  8.467242e-01  0.000000e+00
   outer loop
     vertex  3.900431e+01  4.429670e+01  2.496500e+00
     vertex  3.928805e+01  4.447499e+01  6.965002e-01
     vertex  3.900431e+01  4.429670e+01  6.965002e-01
   endloop
 endfacet
 facet normal -5.320321e-01  8.467242e-01  0.000000e+00
   outer loop
     vertex  3.900431e+01  4.429670e+01  2.496500e+00
     vertex  3.928805e+01  4.447499e+01  2.496500e+00
     vertex  3.928805e+01  4.447499e+01  6.965002e-01
   endloop
 endfacet
 facet normal -3.302791e-01  9.438833e-01  0.000000e+00
   outer loop
     vertex  3.868800e+01  4.418602e+01  2.496500e+00
     vertex  3.900431e+01  4.429670e+01  6.965002e-01
     vertex  3.868800e+01  4.418602e+01  6.965002e-01
   endloop
 endfacet
 facet normal -1.119645e-01  9.937122e-01  0.000000e+00
   outer loop
     vertex  3.868800e+01  4.418602e+01  2.496500e+00
     vertex  3.868800e+01  4.418602e+01  6.965002e-01
     vertex  3.835500e+01  4.414850e+01  6.965002e-01
   endloop
 endfacet
 facet normal -3.302791e-01  9.438833e-01  0.000000e+00
   outer loop
     vertex  3.868800e+01  4.418602e+01  2.496500e+00
     vertex  3.900431e+01  4.429670e+01  2.496500e+00
     vertex  3.900431e+01  4.429670e+01  6.965002e-01
   endloop
 endfacet
 facet normal -1.119645e-01  9.937122e-01  0.000000e+00
   outer loop
     vertex  3.835500e+01  4.414850e+01  2.496500e+00
     vertex  3.868800e+01  4.418602e+01  2.496500e+00
     vertex  3.835500e+01  4.414850e+01  6.965002e-01
   endloop
 endfacet
endsolid
